Depth,LAGMWT,Time,EditFlag,TORQUE,MOTOR_RPM,STRATESUM,MWOUT,LAGMWDIFF,MWIN,BIT_RPM,DXC,MUDRETDEPTH,PUMP,LAGMTEMP,RigActivityCode,MRIN,FLOWOUT,ROP_AVG,LAGMRES,TOTGAS,MROUT,MTIN,LAGMRDIFF,FLOWIN,WOB,ONBOTTOM_TIME,ECDBIT,MTOUT,BIT_DIST,SURF_RPM,LAGMTDIFF,LITH
3300.0,1280.0,2013-11-28 12:54:29,0.0,3768.1461,0.0,0.30077287,1280.0,0.0,1280.0,0.26709381,0.98767405,3299.0,3112134.6,0.0,111.0,0.0,0.016037011,0.0050745891,0.0,0.00010829921,0.0,0.0,0.0,0.006662119100000001,-19762.743,194.0,1293.6605,0.0,0.99521129,0.26709381,0.0,claystone
3305.0,1280.0,2013-11-28 16:48:21,0.0,20991.543,0.0,1.6745582,1306.2254,26.225434000000003,1306.2254,1.3141475,0.98767405,3301.7245,17932214.0,0.0,111.0,0.0,0.038980972,0.004088054,0.0,0.00018335271,0.0,0.0,0.0,0.037091464,26217.864,1617.0,1360.874,0.0,5.995622,1.3147203,0.0,marl
3310.0,1315.2258,2013-11-28 17:01:59,0.0,22610.383,0.0,1.7667643,1320.0146,4.7887933,1320.0146,1.3287059,0.98767405,3301.7245,20878002.0,0.0,111.0,0.0,0.041079254,0.005159383,0.0,0.00017616453000000005,0.0,0.0,0.0,0.039133829,83492.293,2435.0,1382.0713,0.0,10.997926,1.3286739,0.0,marl
3315.0,1320.0008,2013-11-28 17:46:39,0.0,24296.981,0.0,1.7682852999999998,1320.0,-0.0008154202799999999,1320.0,1.4208871,0.98767405,3302.8926,20728354.0,0.0,111.0,0.0,0.041359136,0.005971469300000001,0.0,0.00018825522,0.0,0.0,0.0,0.039167519,97087.882,3442.0,1381.7741,0.0,15.997564,1.4201163,0.0,claystone
3320.0,1320.0,2013-11-28 18:02:50,0.0,24931.313,0.0,1.7833046,1320.0,-1.5581106e-06,1320.0,1.5959484,0.98767405,3306.1559,20553813.0,0.0,111.0,0.0,0.043607078,0.0054191089000000005,0.0,0.0002761118,0.0,0.0,0.0,0.039500196,54793.206,4333.0,1381.5933,0.0,20.990649,1.5939306999999998,0.0,claystone
3325.0,1320.0,2013-11-28 18:18:12,0.0,24330.264,0.0,1.7833333999999998,1320.0,2.7794590000000003e-09,1320.0,1.6532368999999998,0.98767405,3311.3763,20492430.0,0.0,111.0,0.0,0.043191221,0.0054352483,0.0,0.00025307232000000004,0.0,0.0,0.0,0.039500834,50301.57900000001,5255.0,1381.1635,0.0,25.996929,1.6532619999999998,0.0,marl
3330.0,1320.0,2013-11-28 18:59:10,0.0,23434.06,0.0,1.7834103,1320.0,4.2088347e-12,1320.0,1.6577301,0.98767405,3318.8014,20656442.0,0.0,111.0,0.0,0.04294276,0.004738274000000001,0.0,0.00025245604,0.0,0.0,0.0,0.039502539,56835.194,6201.0,1380.8744,0.0,30.979458,1.65745,0.0,marl
3335.0,1320.0,2013-11-28 19:10:31,0.0,23348.027,0.0,1.8000275,1320.0,-6.9823986e-15,1320.0,2.1391571,0.98767405,3322.4998,20650815.0,0.0,111.0,0.0,0.044149725,0.008811767199999999,0.0,0.00036779115,0.0,0.0,0.0,0.03987061,37638.028,6882.0,1380.8929999999998,0.0,35.992876,2.1392383,0.0,marl
3340.0,1320.0,2013-11-28 19:21:31,0.0,23348.027,0.0,1.8000275,1320.0,-6.9823986e-15,1320.0,2.1391571,0.98767405,3322.4998,20650815.0,0.0,111.0,0.0,0.044149725,0.008811767199999999,0.0,0.00036779115,0.0,0.0,0.0,0.03987061,37638.028,6882.0,1380.8929999999998,0.0,35.992876,2.1392383,0.0,marl
3345.0,1320.0,2013-11-28 19:33:31,0.0,25158.697,0.0,1.8,1320.0,4.4488901e-22,1320.0,1.9718466,0.98767405,3329.3761,18412845.0,0.0,111.0,0.0,0.042426339,0.0084562083,0.0,0.00032980301,0.0,0.0,0.0,0.03987,44564.583,8168.0,1379.9339,0.0,45.997484,1.9748064,0.0,marl
3350.0,1320.0,2013-11-28 19:54:05,0.0,26236.167,0.0,1.8,1320.0,1.2055548999999999e-25,1320.0,1.8190172,0.98767405,3335.723,19604429.0,0.0,111.0,0.0,0.042656863,0.007391549200000002,0.0,0.00029222432,0.0,0.0,0.0,0.03987,60928.603,8830.0,1379.8562,0.0,50.996129,1.7357418999999998,0.0,marl
3355.0,1320.0,2013-11-28 20:05:39,0.0,23293.493,0.0,1.8,1320.0,2.1578222e-28,1320.0,2.5221078,0.98767405,3339.284,20654775.0,0.0,111.0,0.0,0.043967951,0.006793047900000001,0.0,0.0004488522,0.0,138.97624,0.0,0.03987,40202.384,9524.0,1379.8418,0.0,55.988962,2.5205151000000003,0.0,marl
3360.0,1320.0,2013-11-28 20:17:55,0.0,22761.693,0.0,1.8,1320.0,7.0641917e-32,1320.0,2.5866275,0.98767405,3343.0711,20781227.0,0.0,111.0,0.0,0.043787647,0.0067808329,0.0,0.00046178011,0.0,303.09625,0.0,0.03987,43788.455,10260.0,1379.8278,0.0,60.987325,2.5870526000000003,0.0,marl
3365.0,1320.0,2013-11-28 20:30:13,0.0,21877.867,0.0,1.8,1320.0,-1.6330116999999998e-34,1320.0,2.6292995,0.98767405,3346.7773,20826277.0,0.0,111.0,0.0,0.043250635,0.0067834211,0.0,0.00043652676,0.0,303.15012,0.0,0.03987,44938.123,10998.0,1379.814,0.0,65.99888299999999,2.6299641,0.0,marl
3370.0,1320.0,2013-11-28 21:14:23,0.0,22008.367,0.0,1.8,1320.0,7.088780299999998e-38,1320.0,2.6391105,0.98767405,3348.8871,20794072.0,28.071857,111.0,0.0,0.043550361,0.0034027231,0.0,0.00037482912,0.0,303.15,0.0,0.03987,45959.357,11830.0,1379.7977,0.0,70.99927199999998,2.6392330000000004,-28.071857,marl
3375.0,1320.0,2013-11-28 21:25:39,0.0,22934.106,0.0,1.8,1320.0,1.7966955000000003e-40,1320.0,2.5940857000000004,0.98767405,3356.8069,19645861.0,302.4528,111.0,0.0,0.044404529000000005,0.007381282399999999,0.0,0.00045350217,0.0,303.15,0.0,0.03987,27652.132,12506.0,1379.7279,0.0,75.986599,2.5934011000000003,-302.4528,marl
3380.0,1320.0,2013-11-28 21:36:57,0.0,23834.608,0.0,1.8,1320.0,2.4839106e-44,1320.0,2.5459204,0.98767405,3364.7738,18176032.0,303.1499,111.0,0.0,0.042967212000000005,0.0073796552,0.0,0.00042112123,0.0,303.15,0.0,0.03987,29439.337000000003,13184.0,1379.7089999999996,0.0,80.985908,2.5458528,-303.1499,marl
3385.0,1320.0,2013-11-28 21:48:15,0.0,23724.759,0.0,1.8,1320.0,-1.1446593e-47,1320.0,2.5433293,0.98767405,3368.4871,20699920.0,303.15,111.0,0.0,0.041338017000000005,0.0073780296,0.0,0.00022581004,0.0,303.15,0.0,0.03987,184915.3,13862.0,1379.5654,0.0,85.988212,2.5457301,-303.15,marl
3390.0,1320.0,2013-11-28 21:59:33,0.0,31208.191000000006,0.0,1.8,1320.0,-1.1446593e-47,1320.0,2.5831778,0.98767405,3368.4871,20808336.0,303.15,111.0,0.0,0.04229054,0.0073764057999999985,0.0,0.00023412646,0.0,303.15,0.0,0.03987,51058.513,14540.0,1379.2531,0.0,90.987521,2.5862395,-303.15,marl
3395.0,1320.0,2013-11-28 22:10:57,0.0,22671.32,0.0,1.8,1320.0,-1.1446593e-47,1320.0,2.5770478,0.98767405,3372.3653,20748249.0,303.15,111.0,0.0,0.043578118,0.0071235497,0.0,0.00044870672,0.0,303.15,0.0,0.03987,54386.651,15224.0,1378.9529,0.0,95.996014,2.5757272,-303.15,marl
3400.0,1320.0,2013-11-28 22:26:35,0.0,23115.383,0.0,1.8,1320.0,-1.1446593e-47,1320.0,2.5639028,0.98767405,3379.2048,18940376.0,303.15,111.0,0.0,0.043816744000000005,0.0069761735,0.0,0.0004588891400000001,0.0,303.15,0.0,0.03987,42902.548,15954.0,1378.7214,0.0,100.98961,2.5644255,-303.15,marl
3405.0,1320.0,2013-11-28 22:38:52,0.0,22617.65,0.0,1.8,1320.0,-1.1446593e-47,1320.0,2.6027788,0.98767405,3384.5887,20666443.0,303.15,111.0,0.0,0.043623285,0.0067889398,0.0,0.00046476043,0.0,303.15,0.0,0.03987,90190.589,16690.0,1379.0601,0.0,105.98797,2.6031916,-303.15,marl
3410.0,1320.0,2013-11-28 23:10:18,0.0,21969.888,0.0,1.7973169999999998,1320.0,-1.1446593e-47,1320.0,2.6108859,0.98767405,3394.4126,20652405.0,303.15,111.0,0.0,0.043781274,0.004907667100000001,0.0,0.0005197685099999999,0.0,303.15,0.0,0.039810571,1857840.1,17524.0,1379.6025,0.0,110.99775,2.61111,-303.15,marl
3415.0,1320.0,2013-11-28 23:22:21,0.0,22461.809,0.0,1.783359,1320.0,-1.1446593e-47,1320.0,2.6397328,0.98767405,3398.8133,20708100.0,303.15,111.0,0.0,0.04355514,0.0073838963,0.0,0.00053008274,0.0,303.15,0.0,0.039501402000000005,32214.548,18197.0,1375.6953,0.0,115.98858,2.6391501,-303.15,marl
3420.0,1320.0,2013-11-28 23:33:40,0.0,22080.324,0.0,1.7833332999999998,1320.0,-1.1446593e-47,1320.0,2.6176422,0.98767405,3402.4285,20742028.0,303.15,111.0,0.0,0.043693444000000005,0.0073603439,0.0,0.00058409593,0.0,303.15,0.0,0.039500833,47159.142,18875.0,1380.3642,0.0,120.99088,2.6165824,-303.15,marl
3425.0,1320.0,2013-11-28 23:48:56,0.0,23505.017000000003,0.0,1.7833332999999998,1320.0,-1.1446593e-47,1320.0,2.3794249,0.98767405,3408.5702,20800857.0,303.15,111.0,0.0,0.042610906,0.0067103747,0.0,0.0005909133,0.0,303.15,0.0,0.039500833,60347.172,19574.0,1381.0261,0.0,125.99618,2.3783772,-303.15,marl
3430.0,1320.0,2013-11-29 00:00:28,0.0,23391.674,0.0,1.7833332999999998,1320.0,-1.1446593e-47,1320.0,1.9994098,0.98767405,3409.3747,21064051.0,303.15,111.0,0.0,0.042508119,0.0073790049,0.0,0.0003813487,0.0,303.15,0.0,0.039500833,47047.491,20266.0,1381.6377,0.0,130.99249,1.9995412,-303.15,marl
3435.0,1320.0,2013-11-29 00:11:50,0.0,22615.644,0.0,1.7833332999999998,1320.0,-1.1446593e-47,1320.0,1.9996399,0.98767405,3413.6451,21092392.0,303.15,111.0,0.0,0.04328194,0.0071659379000000014,0.0,0.0005928438599999999,0.0,303.15,0.0,0.039500833,49582.124,20948.0,1382.0545,0.0,135.98699,1.99964,-303.15,marl
3440.0,1320.0,2013-11-29 00:24:08,0.0,22863.696,0.0,1.7988685000000002,1320.0,-1.1446593e-47,1320.0,2.00074,0.98767405,3419.1143,19538020.0,303.15,111.0,0.0,0.043382795,0.0067949865,0.0,0.00047426773,0.0,303.15,0.0,0.039844938,41336.436,21686.0,1382.6828,0.0,140.99855,2.0006842,-303.15,marl
3445.0,1320.0,2013-11-29 00:36:24,0.0,24496.34,0.0,1.799999,1320.0,-1.1446593e-47,1320.0,1.9693325,0.98767405,3424.4458,20986211.0,303.15,111.0,0.0,0.042857878,0.006782514200000001,0.0,0.00037160517,0.0,303.15,0.0,0.039869979,60644.639,22422.0,1383.3386,0.0,145.99691,1.9690419,-303.15,marl
3450.0,1320.0,2013-11-29 00:48:39,0.0,22815.138,0.0,1.8,1320.0,-1.1446593e-47,1320.0,1.9933739,0.98767405,3428.1835,21067734.0,303.15,111.0,0.0,0.043401218,0.006787760899999999,0.0,0.0005255069,0.0,303.15,0.0,0.03987,52260.516,23158.0,1383.9786,0.0,150.99527,1.9936775,-303.15,marl
3455.0,1320.0,2013-11-29 01:18:06,0.0,20079.136,0.0,1.8,1320.0,-1.1446593e-47,1320.0,2.0003034,0.98767405,3438.1409,21016867.0,303.15,111.0,0.0,0.043980978,0.0073662375,0.0,0.00052246185,0.0,303.15,0.0,0.03987,21961.023,23896.0,1384.2395,0.0,155.99706,1.999962,-303.15,marl
3460.0,1320.0,2013-11-29 01:29:24,0.0,20071.421,0.0,1.8,1320.0,-1.1446593e-47,1320.0,2.0028105,0.98767405,3442.7429,20993586.0,303.15,111.0,0.0,0.043797644,0.0073647377,0.0,0.0004898363,0.0,303.15,0.0,0.03987,25584.316000000006,24574.0,1384.3701,0.0,160.99936,2.0026298,-303.15,marl
3465.0,1320.0,2013-11-29 01:40:41,0.0,19826.225,0.0,1.8,1320.0,-1.1446593e-47,1320.0,1.9987666,0.98767405,3447.3318,19416870.0,303.15,111.0,0.0,0.043896317,0.0073849519,0.0,0.001886935,0.0,303.15,0.0,0.03987,19615.561,25252.0,1384.5034,0.0,165.99867,1.9985111,-303.15,dolomite
3470.0,1320.0,2013-11-29 01:51:59,0.0,18502.052,0.0,1.8,1320.0,-1.1446593e-47,1320.0,1.9960376,0.98767405,3451.0842,21268123.0,303.15,111.0,0.0,0.042884996,0.0073622672,0.0,0.0024188243,0.0,303.15,0.0,0.03987,46578.191,25930.0,1384.6369,0.0,170.99798,1.9961233,-303.15,dolomite
3475.0,1320.0,2013-11-29 02:12:55,0.0,18838.927,0.0,1.8,1320.0,-1.1446593e-47,1320.0,2.0012891,0.98767405,3456.0816,21167186.0,303.15,111.0,0.0,0.043190128,0.0029692832,0.0,0.0062568172,0.0,303.15,0.0,0.03987,43748.485,27186.0,1384.7699,0.0,175.99729,2.0013828,-303.15,dolomite
3480.0,1320.0,2013-11-29 02:43:24,0.0,18416.061,0.0,1.8,1320.0,-1.1446593e-47,1320.0,1.9991301,0.98767405,3469.5058,20873375.0,303.15,111.0,0.0,0.043228244000000006,0.0027096241,0.0,0.005411307,0.0,303.15,0.0,0.03987,31236.811,29014.0,1384.9035,0.0,180.99967,1.9993623,-303.15,claystone
3485.0,1320.0,2013-11-29 03:14:04,0.0,18129.396,0.0,1.8,1320.0,-1.1446593e-47,1320.0,2.0008211,0.98767405,3476.431,20819181.0,303.15,111.0,0.0,0.042856606,0.0027175196,0.0,0.0014526308,0.0,303.15,0.0,0.03987,30930.061,30854.0,1385.0368,0.0,185.99803,2.0007435,-303.15,claystone
3490.0,1320.0,2013-11-29 03:44:46,0.0,18824.752,0.0,1.8,1320.0,-1.1446593e-47,1320.0,1.9996829,0.98767405,3481.4256,20001901.0,303.15,111.0,0.0,0.042352745,0.002717936,0.0,0.0015516869,0.0,303.15,0.0,0.03987,28597.029,32696.0,1385.2448,0.0,190.99904,1.999536,-303.15,claystone
3495.0,1320.0,2013-11-29 04:38:42,0.0,18877.43,0.0,1.7794644,1320.0,-1.1446593e-47,1320.0,1.9998843,0.98767405,3488.8187,20805036.0,303.15,111.0,0.0,0.040873681,0.0029773611,0.0,0.0074739886,0.0,303.15,0.0,0.039415137,17397.72,34546.0,1385.1811,0.0,195.99461,1.9998483,-303.15,claystone
3500.0,1320.0,2013-11-29 05:01:02,0.0,19579.628,0.0,1.7666453999999998,1320.0,-1.1446593e-47,1320.0,2.000143,0.98767405,3491.9183,20916651.0,303.15,111.0,0.0,0.040179259,0.0058303925,0.0,0.0043989361,0.0,303.15,0.0,0.039131196,16961.916,35886.0,1385.2518,0.0,200.99692,2.000243,-303.15,claystone
3505.0,1320.0,2013-11-29 05:12:29,0.0,21275.349,0.0,1.7666667,1320.0,-1.1446593e-47,1320.0,1.9986967,0.98767405,3492.4895,19096414.0,303.15,111.0,0.0,0.040792028,0.007372569200000002,0.0,0.006136003,0.0,303.15,0.0,0.039131667,27492.81,36574.0,1385.6965,0.0,205.99623,1.9988978,-303.15,claystone
3510.0,1320.0,2013-11-29 05:23:48,0.0,20464.687,0.0,1.7666667,1320.0,-1.1446593e-47,1320.0,1.9993445,0.98767405,3493.4988,20892324.0,303.15,111.0,0.0,0.04054973,0.0073928129,0.0,0.008073354100000001,0.0,303.15,0.0,0.039131667,36827.998,37252.0,1385.8308,0.0,210.99853,1.9994763,-303.15,claystone
3515.0,1320.0,2013-11-29 05:35:06,0.0,20917.66,0.0,1.7666667,1320.0,-1.1446593e-47,1320.0,2.000787,0.98767405,3495.4725,20898216.0,303.15,111.0,0.0,0.040341089,0.0073702388,0.0,0.0080728103,0.0,303.15,0.0,0.039131667,38973.617,37930.0,1385.9642,0.0,215.99784,2.0011975,-303.15,claystone
3520.0,1320.0,2013-11-29 05:47:08,0.0,21078.352000000006,0.0,1.7666667,1320.0,-1.1446593e-47,1320.0,2.0016972,0.98767405,3497.616,20895461.0,303.15,111.0,0.0,0.040522387,0.0067953361,0.0,0.011575283,0.0,303.15,0.0,0.039131667,42748.817,38652.0,1386.0974,0.0,220.98925,2.0015654,-303.15,claystone
3525.0,1320.0,2013-11-29 05:59:23,0.0,21481.855,0.0,1.7666667,1320.0,-1.1446593e-47,1320.0,2.0012589,0.98767405,3501.9653,19053412.0,303.15,111.0,0.0,0.040774986,0.006800206800000001,0.0,0.023281522,0.0,303.15,0.0,0.039131667,49323.529,39388.0,1386.2311,0.0,225.98497000000003,2.0011172,-303.15,sandstone
3530.0,1320.0,2013-11-29 06:11:42,0.0,20148.027,0.0,1.7666667,1320.0,-1.1446593e-47,1320.0,2.0005663,0.98767405,3507.3863,21062925.0,303.15,111.0,0.0,0.040179314,0.0067872396,0.0,0.024732846,0.0,303.15,0.0,0.039131667,52143.353,40126.0,1386.3655,0.0,230.99653,2.0002998,-303.15,sandstone
3535.0,1320.0,2013-11-29 06:51:07,0.0,22505.883,0.0,1.7748032,1320.0,-1.1446593e-47,1320.0,1.999722,0.98767405,3520.0596,19388306.0,303.15,111.0,0.0,0.041467007,0.0074238726,0.0,0.021751287,0.0,303.15,0.0,0.039311892,47116.201,40972.0,1386.724,0.0,235.98733,2.0001419,-303.15,sandstone
3540.0,1320.0,2013-11-29 07:00:47,0.0,21548.601,0.0,1.7833373,1320.0,-1.1446593e-47,1320.0,2.0000481,0.98767405,3527.0216,20915658.0,303.15,111.0,0.0,0.041795033,0.0088215706,0.0,0.024214004,0.0,303.15,0.0,0.03950092,45256.052,41552.0,1391.0023,0.0,240.98963,2.0000451,-303.15,sandstone
3545.0,1320.0,2013-11-29 07:10:16,0.0,20007.128,0.0,1.7833332999999998,1320.0,-1.1446593e-47,1320.0,1.9991048,0.98767405,3530.9009,21199427.0,303.15,111.0,0.0,0.041522179,0.0088187939,0.0,0.022054963,0.0,303.15,0.0,0.039500833,24169.525,42120.0,1419.8656,0.0,245.99793,1.9989966,-303.15,sandstone
3550.0,1320.0,2013-11-29 07:20:05,0.0,20358.209,0.0,1.7833332999999998,1320.0,-1.1446593e-47,1320.0,2.0017522,0.98767405,3532.5569,21257538.0,303.15,111.0,0.0,0.041513289,0.008813248499999999,0.0,0.0066017834,0.0,303.15,0.0,0.039500833,25216.418,42683.0,1419.9468,0.0,250.99747,2.0021794,-303.15,sandstone
3555.0,1320.0,2013-11-29 07:29:32,0.0,20926.212,0.0,1.7833332999999998,1320.0,-1.1446593e-47,1320.0,1.9962726,0.98767405,3532.5569,21166701.0,303.15,111.0,0.0,0.04117827,0.0088077153,0.0,0.0052039857,0.0,303.15,0.0,0.039500833,35156.044,43249.0,1420.0767,0.0,255.98779,1.9968011000000003,-303.15,sandstone
3560.0,1320.0,2013-11-29 07:39:40,0.0,22206.403,0.0,1.7833332999999998,1320.0,-1.1446593e-47,1320.0,2.0002309,0.98767405,3536.0631,19197089.0,303.15,111.0,0.0,0.041766385,0.0081707641,0.0,0.012272786,0.0,303.15,0.0,0.039500833,38720.898,43857.0,1420.2086,0.0,260.98874,2.0000476000000003,-303.15,claystone
3565.0,1320.0,2013-11-29 07:49:52,0.0,20821.396,0.0,1.7833332999999998,1320.0,-1.1446593e-47,1320.0,2.0010902,0.98767405,3541.9719,21465926.0,303.15,111.0,0.0,0.041713706,0.008164484100000001,0.0,0.016913871,0.0,303.15,0.0,0.039500833,50070.063,44469.0,1420.3406,0.0,265.98182,2.0011927,-303.15,claystone
3570.0,1320.0,2013-11-29 08:23:16,0.0,9602.4019,0.0,1.1106882,1320.0,0.0,1320.0,0.97502997,0.98767405,3556.1155,10153492.0,303.15,111.0,0.0,0.027932667,0.008986,0.0,0.013753543,0.0,303.15,0.0,0.024601743,-43003.6,45941.0,1390.2704,0.0,315.33593,0.97666028,-303.15,sandstone
3575.0,1320.0,2013-11-29 08:28:56,0.0,16361.752,0.0,1.5040637,1320.0,0.0,1320.0,1.5902948,0.98767405,3556.7525,15858707.0,303.15,111.0,0.0,0.036468172,0.0088257401,0.0,0.015490053,0.0,303.15,0.0,0.03331501,-398.85553,46281.0,1408.0448,0.0,275.99839,1.5906695,-303.15,sandstone
3580.0,1320.0,2013-11-29 08:38:22,0.0,20440.503,0.0,1.7661584,1320.0,0.0,1320.0,1.9995593,0.98767405,3556.7525,21341021.0,303.15,111.0,0.0,0.042434972,0.0088201802,0.0,0.013909791,0.0,303.15,0.0,0.039120409,35255.786,46847.0,1419.9501,0.0,280.98871,1.9994589,-303.15,sandstone
3585.0,1320.0,2013-11-29 08:47:50,0.0,21527.653,0.0,1.7666672,1320.0,0.0,1320.0,2.0012533,0.98767405,3556.7525,21364265.0,303.15,111.0,0.0,0.041119778,0.0088156838,0.0,0.025820624,0.0,303.15,0.0,0.039131679,40459.226,47415.0,1420.0886,0.0,285.99401,2.0012029,-303.15,sandstone
3590.0,1320.0,2013-11-29 08:57:22,0.0,21472.918,0.0,1.7666667,1320.0,0.0,1320.0,1.9969801,0.98767405,3556.7525,21513364.0,303.15,111.0,0.0,0.040601597,0.0087309714,0.0,0.02041904,0.0,303.15,0.0,0.039131667,53818.568,47987.0,1420.2028,0.0,290.99032,1.9967973,-303.15,sandstone
3595.0,1320.0,2013-11-29 09:17:34,0.0,19472.925,0.0,1.7666667,1320.0,0.0,1320.0,1.9992866,0.98767405,3576.3626,21671235.0,303.15,111.0,0.0,0.040075892,0.005835064,0.0,0.011357965,0.0,303.15,0.0,0.039131667,47348.517,48848.0,1420.3169,0.0,295.99862,1.9992992,-303.15,claystone
3600.0,1320.0,2013-11-29 09:32:26,0.0,19254.971,0.0,1.7666667,1320.0,0.0,1320.0,1.9988306,0.98767405,3584.1883,21517324.0,303.15,111.0,0.0,0.040357976,0.0062784175,0.0,0.01384563,0.0,303.15,0.0,0.039131667,47973.155,49740.0,1420.4299,0.0,300.99317,1.9991181,-303.15,sandstone
3605.0,1320.0,2013-11-29 09:44:42,0.0,20421.173,0.0,1.7666667,1320.0,0.0,1320.0,2.0000306,0.98767405,3590.0436,21525318.0,303.15,111.0,0.0,0.040766733,0.0067899,0.0,0.018179877,0.0,303.15,0.0,0.039131667,57163.252,50476.0,1420.5425,0.0,305.99154,2.0001232,-303.15,claystone
3610.0,1320.0,2013-11-29 09:55:43,0.0,20305.066000000006,0.0,1.7666667,1320.0,0.0,1320.0,1.9986239,0.98767405,3592.1891,21460984.0,303.15,111.0,0.0,0.042417647,0.0075754587,0.0,0.0061692485,0.0,303.15,0.0,0.039131667,54784.334,51138.0,1420.6547,0.0,310.98726,1.998629,-303.15,claystone
3615.0,1320.0,2013-11-29 10:21:16,0.0,20106.155,0.0,1.7884169,1320.0,0.0,1320.0,1.9986169,0.98767405,3598.8687,21537160.0,303.15,111.0,0.0,0.042177999,0.0087546196,0.0,0.0083584811,0.0,303.15,0.0,0.039613433,31588.059,51845.0,1421.6885,0.0,315.9947,1.9987412,-303.15,sandstone
3620.0,1320.0,2013-11-29 10:31:05,0.0,20816.295,0.0,1.799999,1320.0,0.0,1320.0,1.9990146,0.98767405,3602.806,21555324.0,303.15,111.0,0.0,0.041714454,0.0089130362,0.0,0.013056658,0.0,303.15,0.0,0.039869979,26071.437,52408.0,1422.3075,0.0,320.99429,1.9990087,-303.15,sandstone
3625.0,1320.0,2013-11-29 10:40:56,0.0,21079.642000000003,0.0,1.8,1320.0,0.0,1320.0,2.0014058,0.98767405,3607.0864,19535199.0,303.15,111.0,0.0,0.040615652,0.0089277279,0.0,0.023257976,0.0,303.15,0.0,0.03987,17368.556,52970.0,1422.4404,0.0,325.99567,2.0012328,-303.15,sandstone
3630.0,1320.0,2013-11-29 10:50:22,0.0,21609.818,0.0,1.8,1320.0,0.0,1320.0,2.0006359,0.98767405,3611.3419,21650204.0,303.15,111.0,0.0,0.041039568,0.0088231347,0.0,0.021165963,0.0,303.15,0.0,0.03987,35515.373,53536.0,1422.5741,0.0,330.98599,2.0006316,-303.15,sandstone
3635.0,1320.0,2013-11-29 10:59:50,0.0,20817.283,0.0,1.8,1320.0,0.0,1320.0,1.998451,0.98767405,3611.8414,21668948.0,303.15,111.0,0.0,0.040178954,0.0088198775,0.0,0.0090151634,0.0,303.15,0.0,0.03987,37465.439,54104.0,1422.7103,0.0,335.99429,1.9984886,-303.15,sandstone
3640.0,1320.0,2013-11-29 11:09:50,0.0,21216.462000000003,0.0,1.8,1320.0,0.0,1320.0,1.9998009,0.98767405,3616.5834,21663130.0,303.15,111.0,0.0,0.040313535,0.0080823926,0.0,0.009322333,0.0,303.15,0.0,0.03987,39125.127,54704.0,1422.8457,0.0,340.9898,1.9996975,-303.15,sandstone
3645.0,1320.0,2013-11-29 11:21:20,0.0,22308.653,0.0,1.8,1320.0,0.0,1320.0,1.9998096,0.98767405,3622.4353,21680987.0,303.15,111.0,0.0,0.040324841,0.007944746899999999,0.0,0.020277605,0.0,303.15,0.0,0.03987,60931.90900000001,55338.0,1422.9841,0.0,345.99189,2.0001934,-303.15,sandstone
3650.0,1320.0,2013-11-29 11:33:22,0.0,20916.39,0.0,1.8,1320.0,0.0,1320.0,2.0002468,0.98767405,3628.5743,21570508.0,303.15,111.0,0.0,0.040087882000000005,0.0087654523,0.0,0.02987917,0.0,303.15,0.0,0.03987,51585.186,55925.0,1423.1227,0.0,350.98905,2.000514,-303.15,sandstone
3655.0,1320.0,2013-11-29 11:57:32,0.0,21002.078,0.0,1.788691,1320.0,0.0,1320.0,1.9977942,0.98767405,3637.9731,20870596.0,303.15,111.0,0.0,0.040778128,0.0088271315,0.0,0.022507704,0.0,303.15,0.0,0.039619507000000005,36926.625,56549.0,1422.7922,0.0,355.98679,1.9974083,-303.15,sandstone
3660.0,1320.0,2013-11-29 12:07:00,0.0,22488.473,0.0,1.7833244,1320.0,0.0,1320.0,2.0005282,0.98767405,3642.1443,19838342.0,303.15,111.0,0.0,0.040589632,0.0088243516,0.0,0.018971022,0.0,303.15,0.0,0.039500636,31738.087000000003,57117.0,1422.7049,0.0,360.99508,2.0004952,-303.15,sandstone
3665.0,1320.0,2013-11-29 12:16:26,0.0,23113.415,0.0,1.7833332999999998,1320.0,0.0,1320.0,2.0001804,0.98767405,3646.278,21654284.0,303.15,111.0,0.0,0.040248748,0.0088040987,0.0,0.014771309,0.0,303.15,0.0,0.039500833,48944.501,57683.0,1422.8393,0.0,365.98241,2.0000077000000003,-303.15,sandstone
3670.0,1320.0,2013-11-29 12:25:54,0.0,23676.366,0.0,1.7833332999999998,1320.0,0.0,1320.0,1.9990654,0.98767405,3650.156,21785418.0,303.15,111.0,0.0,0.040402451,0.008816038299999999,0.0,0.015997551000000002,0.0,303.15,0.0,0.039500833,55795.57700000001,58251.0,1422.9751,0.0,370.9907,1.9993536,-303.15,sandstone
3675.0,1320.0,2013-11-29 12:35:22,0.0,22490.898,0.0,1.7833332999999998,1320.0,0.0,1320.0,2.0000106,0.98767405,3651.6059,21824736.0,303.15,111.0,0.0,0.040002075,0.0088241207,0.0,0.011212691,0.0,303.15,0.0,0.039500833,48287.015,58819.0,1423.1111,0.0,375.999,2.0001456,-303.15,sandstone
3680.0,1320.0,2013-11-29 12:45:18,0.0,21614.599,0.0,1.7833332999999998,1320.0,0.0,1320.0,2.0002418,0.98767405,3655.7588,21794126.0,303.15,111.0,0.0,0.040177427,0.008157174,0.0,0.009151398,0.0,303.15,0.0,0.039500833,44576.612,59415.0,1423.2467,0.0,380.98671,2.0006543000000003,-303.15,sandstone
3685.0,1320.0,2013-11-29 12:55:32,0.0,22732.524,0.0,1.7833332999999998,1320.0,0.0,1320.0,2.0002219,0.98767405,3661.1273,19731733.0,303.15,111.0,0.0,0.041343687,0.0081621552,0.0,0.012409316,0.0,303.15,0.0,0.039500833,34623.502,60029.0,1423.3842,0.0,385.99563,2.0000769,-303.15,sandstone
3690.0,1320.0,2013-11-29 13:05:43,0.0,22448.303,0.0,1.7833332999999998,1320.0,0.0,1320.0,2.0012354,0.98767405,3666.498,19697841.0,303.15,111.0,0.0,0.040735932,0.0081012193,0.0,0.011714536,0.0,303.15,0.0,0.039500833,37186.386,60641.0,1423.5207,0.0,390.98872,2.0010945,-303.15,sandstone
3695.0,1320.0,2013-11-29 13:40:24,0.0,22153.93,0.0,1.7833332999999998,1320.0,0.0,1320.0,2.0008611000000003,0.98767405,3679.7281,21778193.0,303.15,111.0,0.0,0.041084034,0.0088065428,0.0,0.013604927,0.0,303.15,0.0,0.039500833,46500.93700000001,61360.0,1423.6541,0.0,395.99839,2.0009014,-303.15,sandstone
3700.0,1320.0,2013-11-29 13:50:11,0.0,21956.507,0.0,1.7833332999999998,1320.0,0.0,1320.0,2.0000261000000004,0.98767405,3684.4879,19596700.0,303.15,111.0,0.0,0.041146633,0.0087289176,0.0,0.017591327,0.0,303.15,0.0,0.039500833,29632.597,61922.0,1423.7774,0.0,400.98461,2.0003736,-303.15,sandstone
3705.0,1320.0,2013-11-29 14:00:18,0.0,21144.05,0.0,1.7833332999999998,1320.0,0.0,1320.0,2.0004246,0.98767405,3689.4255,21745304.0,303.15,111.0,0.0,0.04037782,0.0094790808,0.0,0.018744746,0.0,303.15,0.0,0.039500833,40381.839,62478.0,1423.914,0.0,405.96195,1.9999024,-303.15,sandstone
3710.0,1320.0,2013-11-29 14:10:10,0.0,21422.254,0.0,1.7833332999999998,1320.0,0.0,1320.0,2.0000458,0.98767405,3693.215,21826307.0,303.15,111.0,0.0,0.040260047,0.0090739942,0.0,0.016377718,0.0,303.15,0.0,0.039500833,44243.48,63039.0,1424.0503,0.0,410.99444,2.0000417,-303.15,sandstone
3715.0,1320.0,2013-11-29 14:20:14,0.0,21778.513,0.0,1.7833332999999998,1320.0,0.0,1320.0,2.0015255,0.98767405,3693.215,19350254.0,303.15,111.0,0.0,0.040821126,0.0091899641,0.0,0.0055740049,0.0,303.15,0.0,0.039500833,39579.177,63594.0,1424.1872,0.0,415.99677,2.0015359,-303.15,sandstone
3720.0,1320.0,2013-11-29 14:30:59,0.0,21160.205,0.0,1.7833332999999998,1320.0,0.0,1320.0,1.9975223,0.98767405,3697.0569,21511727.0,303.15,111.0,0.0,0.040274978,0.0083701445,0.0,0.0085154499,0.0,303.15,0.0,0.039500833,52606.802,64182.0,1424.3239,0.0,420.95354,1.9975223,-303.15,sandstone
3725.0,1320.0,2013-11-29 14:42:09,0.0,22240.751,0.0,1.7833332999999998,1320.0,0.0,1320.0,2.0020717,0.98767405,3702.5934,21307718.0,303.15,111.0,0.0,0.040458245,0.0081659787,0.0,0.015441533,0.0,303.15,0.0,0.039500833,51065.323,64786.0,1424.4616,0.0,425.97912,2.0020727,-303.15,sandstone
3730.0,1320.0,2013-11-29 14:52:22,0.0,22415.411,0.0,1.7833332999999998,1320.0,0.0,1320.0,1.9975009,0.98767405,3707.6661,21159082.0,303.15,111.0,0.0,0.039931722,0.008152651300000001,0.0,0.016984081,0.0,303.15,0.0,0.039500833,66499.772,65398.0,1424.5988,0.0,430.98804,1.9976212,-303.15,sandstone
3735.0,1320.0,2013-11-29 15:38:21,0.0,22050.334,0.0,1.7849923,1320.0,0.0,1320.0,1.9992981,0.98767405,3722.8985,19389058.0,303.15,111.0,0.0,0.040568036,0.0094900721,0.0,0.017269145,0.0,303.15,0.0,0.039537578,40711.114,66011.0,1424.7764,0.0,435.98748,1.999127,-303.15,sandstone
3740.0,1320.0,2013-11-29 15:57:16,0.0,22863.362,0.0,1.8095423,1320.0,0.0,1320.0,1.9982078,0.98767405,3729.6224,19850740.0,303.15,111.0,0.0,0.039901445,0.0058695957,0.0,0.018292101,0.0,303.15,0.0,0.040081362,39286.239,66619.0,1426.1285,0.0,440.99081,1.9980177,-303.15,sandstone
3745.0,1320.0,2013-11-29 16:08:00,0.0,24061.06,0.0,1.8166721,1320.0,0.0,1320.0,1.9986385,0.98767405,3732.3965,21156046.0,303.15,111.0,0.0,0.039964052,0.008608125,0.0,0.015649563000000002,0.0,303.15,0.0,0.040239287,70948.74900000001,67263.0,1431.8669,0.0,445.99461,1.9989053,-303.15,sandstone
3750.0,1320.0,2013-11-29 16:17:34,0.0,22918.989,0.0,1.8166667,1320.0,0.0,1320.0,2.0001606,0.98767405,3734.8607,19105669.0,303.15,111.0,0.0,0.040273984,0.0086998339,0.0,0.0032579295000000003,0.0,303.15,0.0,0.040239167,31209.191000000006,67837.0,1431.9902,0.0,450.99545,2.0003061,-303.15,sandstone
3755.0,1320.0,2013-11-29 16:27:08,0.0,22315.897,0.0,1.8166667,1320.0,0.0,1320.0,1.998929,0.98767405,3737.3336,21019670.0,303.15,111.0,0.0,0.039701931,0.0087165141,0.0,0.014011773,0.0,303.15,0.0,0.040239167,38222.463,68411.0,1432.1174,0.0,455.99925,1.9993739,-303.15,sandstone
3760.0,1320.0,2013-11-29 16:37:15,0.0,22678.253,0.0,1.8166667,1320.0,0.0,1320.0,1.9998106,0.98767405,3739.453,21049800.0,303.15,111.0,0.0,0.03975161,0.008009564,0.0,0.030329649,0.0,303.15,0.0,0.040239167,46129.405,69019.0,1432.2441,0.0,460.99967,2.0001191,-303.15,sandstone
3765.0,1320.0,2013-11-29 16:47:40,0.0,22227.168,0.0,1.8166667,1320.0,0.0,1320.0,1.9996894,0.98767405,3742.5419,21048329.0,303.15,111.0,0.0,0.039477519,0.0080005723,0.0,0.010942541,0.0,303.15,0.0,0.040239167,49690.28400000001,69643.0,1432.3704,0.0,465.99374000000006,1.9996966,-303.15,sandstone
3770.0,1320.0,2013-11-29 16:58:04,0.0,22772.865,0.0,1.8166667,1320.0,0.0,1320.0,1.9996686,0.98767405,3747.4772,21141420.0,303.15,111.0,0.0,0.039985228,0.0080109563,0.0,0.021668297000000003,0.0,303.15,0.0,0.040239167,55013.203,70267.0,1432.4961,0.0,470.98781,1.9995906000000003,-303.15,sandstone
3775.0,1320.0,2013-11-29 17:24:08,0.0,21821.983,0.0,1.8027811,1320.0,0.0,1320.0,1.9987847,0.98767405,3758.0977,20258031.0,303.15,111.0,0.0,0.039726059,0.0091209825,0.0,0.030788766,0.0,303.15,0.0,0.039931602,40305.859,71012.0,1431.9883,0.0,475.99909,1.9987703,-303.15,sandstone
3780.0,1320.0,2013-11-29 17:34:38,0.0,21896.628,0.0,1.783351,1320.0,0.0,1320.0,1.9978599,0.98767405,3763.0279,20211651.0,303.15,111.0,0.0,0.03932166,0.008751008900000001,0.0,0.031498798,0.0,303.15,0.0,0.039501224,31621.43,71571.0,1431.2125,0.0,480.99455,1.9984245,-303.15,sandstone
3785.0,1320.0,2013-11-29 17:44:12,0.0,22376.879,0.0,1.7833332999999998,1320.0,0.0,1320.0,1.9993471,0.98767405,3767.5201,21120495.0,303.15,111.0,0.0,0.039170155,0.0087149438,0.0,0.033216031,0.0,303.15,0.0,0.039500833,39829.291,72121.0,1431.3158,0.0,485.99539,1.9989039,-303.15,sandstone
3790.0,1320.0,2013-11-29 17:53:46,0.0,21315.963,0.0,1.7833332999999998,1320.0,0.0,1320.0,1.9987406000000003,0.98767405,3772.0123,21098715.0,303.15,111.0,0.0,0.039146711,0.008712453299999999,0.0,0.033854587,0.0,303.15,0.0,0.039500833,41146.105,72695.0,1431.4186,0.0,490.99919000000006,1.9987629,-303.15,sandstone
3795.0,1320.0,2013-11-29 18:03:18,0.0,21838.665,0.0,1.7833332999999998,1320.0,0.0,1320.0,1.9984997,0.98767405,3772.932,21060493.0,303.15,111.0,0.0,0.039000801,0.0087018454,0.0,0.023883842,0.0,303.15,0.0,0.039500833,45492.478,73267.0,1431.5185,0.0,495.98523,1.9985495,-303.15,sandstone
3800.0,1320.0,2013-11-29 18:13:26,0.0,21425.437,0.0,1.7833332999999998,1320.0,0.0,1320.0,1.9987315,0.98767405,3776.3282,21042308.0,303.15,111.0,0.0,0.039003603,0.0080045186,0.0,0.016308437,0.0,303.15,0.0,0.039500833,45979.692,73875.0,1431.6174,0.0,500.99721,1.9984976000000003,-303.15,sandstone
3805.0,1320.0,2013-11-29 18:23:49,0.0,21719.757,0.0,1.7833332999999998,1320.0,0.0,1320.0,1.9998509,0.98767405,3781.4327,21049377.0,303.15,111.0,0.0,0.038884982,0.00799568,0.0,0.033310661,0.0,303.15,0.0,0.039500833,45190.017,74499.0,1431.7135,0.0,505.99128,1.999683,-303.15,sandstone
3810.0,1320.0,2013-11-29 18:34:14,0.0,21868.88,0.0,1.7833332999999998,1320.0,0.0,1320.0,1.9991196,0.98767405,3786.8529,21118386.0,303.15,111.0,0.0,0.038965832,0.0079977796,0.0,0.034576882,0.0,303.15,0.0,0.039500833,48461.38200000001,75123.0,1431.8077,0.0,510.98535,1.9990276,-303.15,sandstone
3815.0,1320.0,2013-11-29 19:10:23,0.0,21260.179,0.0,1.7883249,1320.0,0.0,1320.0,1.9968641,0.98767405,3801.6073,20687839.0,303.15,111.0,0.0,0.03888043,0.0079803187,0.0,0.033914012,0.0,303.15,0.0,0.039611397,33638.681000000004,75768.0,1432.1161,0.0,515.99586,1.9965401000000005,-303.15,sandstone
3820.0,1320.0,2013-11-29 19:19:58,0.0,22291.311,0.0,1.7833294999999998,1320.0,0.0,1320.0,1.9972266,0.98767405,3806.1832,20205165.0,303.15,111.0,0.0,0.039233088,0.0087186772,0.0,0.03418182,0.0,303.15,0.0,0.039500749,23809.854,76342.0,1431.9958,0.0,520.9967,1.9971734,-303.15,sandstone
3825.0,1320.0,2013-11-29 19:29:30,0.0,23510.798,0.0,1.7833332999999998,1320.0,0.0,1320.0,1.9987753,0.98767405,3810.743,19027992.0,303.15,111.0,0.0,0.040040847,0.0086400891,0.0,0.036225979,0.0,303.15,0.0,0.039500833,29839.424,76914.0,1432.0846,0.0,525.98274,1.9987841,-303.15,sandstone
3830.0,1320.0,2013-11-29 19:40:18,0.0,21924.935,0.0,1.7833332999999998,1320.0,0.0,1320.0,2.0008312,0.98767405,3813.0498,21227210.0,303.15,111.0,0.0,0.038907343,0.0087257818,0.0,0.029751999,0.0,303.15,0.0,0.039500833,27483.212000000003,77484.0,1432.1728,0.0,530.98549,2.0003042,-303.15,sandstone
3835.0,1320.0,2013-11-29 19:49:52,0.0,22919.64,0.0,1.7833332999999998,1320.0,0.0,1320.0,2.0011856,0.98767405,3814.541,21361818.0,303.15,111.0,0.0,0.038955133,0.0086989407,0.0,0.010202475,0.0,303.15,0.0,0.039500833,35711.047,78058.0,1432.2583,0.0,535.98929,2.0010445,-303.15,sandstone
3840.0,1320.0,2013-11-29 19:59:58,0.0,24003.152,0.0,1.7833332999999998,1320.0,0.0,1320.0,1.9998847,0.98767405,3816.4655,21831462.0,303.15,111.0,0.0,0.039518925,0.007987281899999999,0.0,0.014489103,0.0,303.15,0.0,0.039500833,55441.037,78664.0,1432.3422,0.0,540.98612,1.9996143,-303.15,sandstone
3845.0,1320.0,2013-11-29 20:10:24,0.0,24652.102000000006,0.0,1.7833332999999998,1320.0,0.0,1320.0,1.9994785,0.98767405,3821.897,21540410.0,303.15,111.0,0.0,0.040902562,0.008011421,0.0,0.022180656,0.0,303.15,0.0,0.039500833,69828.84,79290.0,1432.4249,0.0,545.99831,1.9999326,-303.15,sandstone
3850.0,1320.0,2013-11-29 20:20:47,0.0,23640.615,0.0,1.7833332999999998,1320.0,0.0,1320.0,1.9977743,0.98767405,3827.3112,21555543.0,303.15,111.0,0.0,0.040374877,0.008002641999999999,0.0,0.021165177,0.0,303.15,0.0,0.039500833,60725.977,79914.0,1432.5049,0.0,550.99238,1.9978049,-303.15,sandstone
3855.0,1320.0,2013-11-29 20:50:28,0.0,21686.142000000003,0.0,1.7833332999999998,1320.0,0.0,1320.0,1.9988506,0.98767405,3838.5136,21525685.0,303.15,111.0,0.0,0.040132971,0.0087198189,0.0,0.025650959,0.0,303.15,0.0,0.039500833,36845.539,80546.0,1432.5943,0.0,555.99629,1.9986469,-303.15,sandstone
3860.0,1320.0,2013-11-29 21:00:00,0.0,22679.479,0.0,1.7833332999999998,1320.0,0.0,1320.0,1.9987591,0.98767405,3843.0889,21399455.0,303.15,111.0,0.0,0.041121879,0.0087274414,0.0,0.011929883999999998,0.0,303.15,0.0,0.039500833,29158.288,81118.0,1432.6914,0.0,560.9823299999998,1.9991948,-303.15,sandstone
3865.0,1320.0,2013-11-29 21:09:34,0.0,24557.405,0.0,1.7833332999999998,1320.0,0.0,1320.0,1.9993513,0.98767405,3847.6652,21533007.0,303.15,111.0,0.0,0.0410165,0.0086974042,0.0,0.01576854,0.0,303.15,0.0,0.039500833,44807.529,81692.0,1432.7720000000004,0.0,565.98317,1.9993007,-303.15,sandstone
3870.0,1320.0,2013-11-29 21:19:08,0.0,23742.525,0.0,1.7833332999999998,1320.0,0.0,1320.0,1.9999636000000005,0.98767405,3852.2411,22118923.0,303.15,111.0,0.0,0.040419036,0.0087151132,0.0,0.019939003,0.0,303.15,0.0,0.039500833,58069.453,82266.0,1432.8513,0.0,570.98401,1.9995504,-303.15,sandstone
3875.0,1320.0,2013-11-29 21:28:42,0.0,24126.258,0.0,1.7833332999999998,1320.0,0.0,1320.0,1.999801,0.98767405,3853.0526,19571598.0,303.15,111.0,0.0,0.040508792,0.0087252201,0.0,0.017993141,0.0,303.15,0.0,0.039500833,42989.00900000001,82840.0,1432.929,0.0,575.98781,1.9997094,-303.15,sandstone
3880.0,1320.0,2013-11-29 21:37:53,0.0,24089.044,0.0,1.7833332999999998,1320.0,0.0,1320.0,1.9996544,0.98767405,3855.1822,21871239.0,303.15,111.0,0.0,0.039023697,0.0080000798,0.0,0.015715035,0.0,303.15,0.0,0.039500833,63292.935,83392.0,1433.0051,0.0,580.9907,1.9996722,-303.15,sandstone
3885.0,1320.0,2013-11-29 21:48:18,0.0,23399.357000000004,0.0,1.7833332999999998,1320.0,0.0,1320.0,1.999437,0.98767405,3860.5772,21968061.0,303.15,111.0,0.0,0.039862504,0.0080109563,0.0,0.030563798,0.0,303.15,0.0,0.039500833,64154.213,84016.0,1433.0802,0.0,585.98478,1.9991367,-303.15,sandstone
3890.0,1320.0,2013-11-29 21:58:44,0.0,22656.141,0.0,1.7833332999999998,1320.0,0.0,1320.0,1.9988023,0.98767405,3866.0263,21907263.0,303.15,111.0,0.0,0.041258511,0.0079995899,0.0,0.013105755,0.0,303.15,0.0,0.039500833,56690.941,84642.0,1433.1539,0.0,590.99697,1.9991023,-303.15,sandstone
3895.0,1320.0,2013-11-29 22:26:14,0.0,22414.15,0.0,1.780354,1320.0,0.0,1320.0,2.0025758,0.98767405,3876.3425,21837861.0,303.15,111.0,0.0,0.041247325,0.010447495,0.0,0.010750753,0.0,303.15,0.0,0.039434841,38115.807,85251.0,1433.1341,0.0,595.98916,2.0017080000000003,-303.15,sandstone
3900.0,1320.0,2013-11-29 22:35:38,0.0,21400.826,0.0,1.7833381,1320.0,0.0,1320.0,1.9982653,0.98767405,3880.9367,21727991.0,303.15,111.0,0.0,0.041319917000000005,0.008718065,0.0,0.013686111,0.0,303.15,0.0,0.03950094,31893.992,85815.0,1433.3983,0.0,600.99721,1.998052,-303.15,sandstone
3905.0,1320.0,2013-11-29 22:45:10,0.0,21993.732000000004,0.0,1.7833332999999998,1320.0,0.0,1320.0,1.9994671,0.98767405,3885.4965,21720856.0,303.15,111.0,0.0,0.041768898,0.0087314848,0.0,0.012728352,0.0,303.15,0.0,0.039500834,28826.265,86387.0,1433.4838,0.0,605.98325,2.0001599,-303.15,sandstone
3910.0,1320.0,2013-11-29 22:55:30,0.0,21732.4,0.0,1.7833332999999998,1320.0,0.0,1320.0,1.9993962,0.98767405,3890.4392,21667438.0,303.15,111.0,0.0,0.040904604,0.0088142798,0.0,0.01484786,0.0,303.15,0.0,0.039500833,26972.945,86958.0,1433.5702,0.0,610.99063,1.9995598,-303.15,sandstone
3915.0,1320.0,2013-11-29 23:05:04,0.0,22119.718,0.0,1.7833332999999998,1320.0,0.0,1320.0,1.9987423,0.98767405,3892.6029,19818150.0,303.15,111.0,0.0,0.040059877,0.0087127186,0.0,0.02274612,0.0,303.15,0.0,0.039500833,21042.733,87532.0,1433.656,0.0,615.99147,1.998887,-303.15,sandstone
3920.0,1320.0,2013-11-29 23:15:06,0.0,22195.563,0.0,1.7833332999999998,1320.0,0.0,1320.0,1.9995674,0.98767405,3895.8331,21934630.0,303.15,111.0,0.0,0.039324089,0.0080076752,0.0,0.012216624,0.0,303.15,0.0,0.039500833,37453.208,88134.0,1433.7419,0.0,620.99713,1.9998759,-303.15,sandstone
3925.0,1320.0,2013-11-29 23:25:30,0.0,22218.866,0.0,1.7833332999999998,1320.0,0.0,1320.0,1.9986429,0.98767405,3901.2474,22021821.0,303.15,111.0,0.0,0.039608055,0.0079977796,0.0,0.030938223,0.0,303.15,0.0,0.039500833,45694.986,88758.0,1433.8277,0.0,625.9912,1.9990125,-303.15,sandstone
3930.0,1320.0,2013-11-29 23:59:59,0.0,993.72081,0.0,0.009412089,1320.0,0.0,1320.0,0.010554887,0.98767405,3911.9471,1396055.2,303.15,111.0,0.0,0.013955811,0.004826,0.0,0.033349462,0.0,303.15,0.0,0.00020847777,694652.55,89848.0,1341.1977,0.0,634.54248,0.43059556,-303.15,sandstone
3935.0,1320.0,2013-11-30 00:02:43,0.0,7426.2641,0.0,0.52308491,1320.0,0.0,1320.0,0.58674382,0.98767405,3913.2978,5763169.9,303.15,111.0,0.0,0.021533948,0.0090074242,0.0,0.031006762,0.0,303.15,0.0,0.011586331000000002,494967.0,90012.0,1368.079,0.0,635.98118,0.88522133,-303.15,sandstone
3940.0,1320.0,2013-11-30 00:12:15,0.0,23370.703,0.0,1.7798139,1320.0,0.0,1320.0,1.9957052,0.98767405,3918.0491,21330989.0,303.15,111.0,0.0,0.039312714,0.0087176513,0.0,0.028606833,0.0,303.15,0.0,0.039422879,34610.165,90584.0,1433.898,0.0,640.98498,1.9965428,-303.15,sandstone
3945.0,1320.0,2013-11-30 00:23:19,0.0,26792.76,0.0,1.7833332999999998,1320.0,0.0,1320.0,2.033445,0.98767405,3923.5651,22378325.0,303.15,111.0,0.0,0.039871876,0.0086257842,0.0,0.030962116,0.0,303.15,0.0,0.039500833,51089.58,91247.0,1434.2314,0.0,647.24449,2.033445,-303.15,sandstone
3950.0,1320.0,2013-11-30 00:31:49,0.0,24224.19,0.0,1.7833332999999998,1320.0,0.0,1320.0,2.0013156000000003,0.98767405,3927.8006,21131189.0,303.15,111.0,0.0,0.039759287,0.0073116208,0.0,0.030799115,0.0,303.15,0.0,0.039500833,58211.326,91705.0,1434.2552,0.0,650.98892,2.0022102,-303.15,sandstone
3955.0,1320.0,2013-11-30 00:59:51,0.0,23967.26,0.0,1.7833332999999998,1320.0,0.0,1320.0,1.9223199,0.98767405,3939.8646,23657658.0,303.15,111.0,0.0,0.038931805,0.0096097282,0.0,0.026263022,0.0,303.15,0.0,0.039500833,86371.09800000001,92357.0,1434.3412,0.0,655.94238,1.921884,-303.15,sandstone
3960.0,1320.0,2013-11-30 01:55:55,0.0,18792.962,0.0,1.7833332999999998,1320.0,0.0,1320.0,1.6823644,0.98767405,3955.9754,21381637.0,303.15,111.0,0.0,0.040525739,0.0026663491,0.0,0.0070673522,0.0,303.15,0.0,0.039500833,32453.181,93780.0,1434.4203,0.0,660.99252,1.6848092,-303.15,sandstone
3965.0,1320.0,2013-11-30 02:12:35,0.0,21553.844,0.0,1.7833332999999998,1320.0,0.0,1320.0,1.9998192,0.98767405,3955.9754,22164770.0,303.15,111.0,0.0,0.039864812,0.008005734,0.0,0.0040651643,0.0,303.15,0.0,0.039500833,32720.292,94674.0,1434.5071,0.0,665.99282,1.9998848,-303.15,sandstone
3970.0,1320.0,2013-11-30 02:22:59,0.0,23478.326,0.0,1.7833332999999998,1320.0,0.0,1320.0,1.9988102,0.98767405,3956.455,20129759.0,303.15,111.0,0.0,0.04069064,0.0080172276,0.0,0.0036460533,0.0,303.15,0.0,0.039500833,29672.6,95298.0,1434.5911,0.0,670.98689,1.9984927,-303.15,sandstone
3975.0,1320.0,2013-11-30 03:07:39,0.0,22146.734,0.0,1.7833332999999998,1320.0,0.0,1320.0,1.8848879,0.98767405,3963.7184,22151399.0,303.15,111.0,0.0,0.041189904,0.0091380434,0.0,0.0035007094,0.0,303.15,0.0,0.039500833,43582.533,95913.0,1434.6875,0.0,675.99575,1.8850254,-303.15,sandstone
3980.0,1320.0,2013-11-30 03:17:13,0.0,22307.701,0.0,1.7833332999999998,1320.0,0.0,1320.0,1.9995419,0.98767405,3968.287,21944659.0,303.15,111.0,0.0,0.042301702,0.0086355724,0.0,0.0048078314,0.0,303.15,0.0,0.039500833,45641.461,96487.0,1434.8165,0.0,680.9965900000002,1.9994082,-303.15,sandstone
3985.0,1320.0,2013-11-30 03:26:45,0.0,22208.13,0.0,1.7833332999999998,1320.0,0.0,1320.0,1.9986855,0.98767405,3972.8203,22030232.0,303.15,111.0,0.0,0.042239226,0.0087243139,0.0,0.0059124892,0.0,303.15,0.0,0.039500833,45390.125,97059.0,1434.9109,0.0,685.98263,1.9984904,-303.15,sandstone
3990.0,1320.0,2013-11-30 03:36:49,0.0,22692.094,0.0,1.7833332999999998,1320.0,0.0,1320.0,1.9997184,0.98767405,3973.5875,22202621.0,303.15,111.0,0.0,0.041335681,0.0090584315,0.0,0.004455363,0.0,303.15,0.0,0.039500833,55678.462,97630.0,1435.0063,0.0,690.9948400000002,2.0000979,-303.15,sandstone
3995.0,1320.0,2013-11-30 03:47:01,0.0,22874.175,0.0,1.7833332999999998,1320.0,0.0,1320.0,1.9988213,0.98767405,3973.5875,22313966.0,303.15,111.0,0.0,0.040092541,0.008809656800000001,0.0,0.0023341997,0.0,303.15,0.0,0.039500833,65754.122,98195.0,1435.1021,0.0,695.99328,1.9986802,-303.15,sandstone
4000.0,1320.0,2013-11-30 03:56:45,0.0,22062.339,0.0,1.7854006000000002,1320.0,0.0,1320.0,1.9995373,0.98767405,3975.5427,22401362.0,303.15,111.0,0.0,0.040096677,0.0081554297,0.0,0.002579198,0.0,303.15,0.0,0.039546623,72975.358,98779.0,1435.2906,0.0,700.99129,1.9995409,-303.15,sandstone
4005.0,1320.0,2013-11-30 04:06:57,0.0,22789.29,0.0,1.7999797999999998,1320.0,0.0,1320.0,1.9992995,0.98767405,3980.8773,22499091.0,303.15,111.0,0.0,0.041094285,0.0081491823,0.0,0.0081737039,0.0,303.15,0.0,0.039869553,77870.783,99391.0,1436.0363,0.0,705.98438,1.9997689,-303.15,sandstone
4010.0,1320.0,2013-11-30 04:17:11,0.0,22722.62,0.0,1.8,1320.0,0.0,1320.0,1.9993257,0.98767405,3986.2398,22332797.0,303.15,111.0,0.0,0.042088434,0.0081690697,0.0,0.0069560741,0.0,303.15,0.0,0.039870001,78076.674,100005.0,1436.136,0.0,710.9933,1.9995536,-303.15,sandstone
4015.0,1320.0,2013-11-30 04:41:05,0.0,23125.434,0.0,1.7944224999999998,1320.0,0.0,1320.0,2.0009307,0.98767405,3995.4267,19976350.0,303.15,111.0,0.0,0.042346471,0.0072879487,0.0,0.0044128426,0.0,303.15,0.0,0.039746459,62886.43700000001,100674.0,1435.9896,0.0,715.9948400000002,2.0012174,-303.15,sandstone
4020.0,1320.0,2013-11-30 04:50:13,0.0,23026.606,0.0,1.7667276,1320.0,0.0,1320.0,2.0012055,0.98767405,4000.0315,22051015.0,303.15,111.0,0.0,0.042477274,0.0088036087,0.0,0.0037901885,0.0,303.15,0.0,0.039133016,42217.174000000006,101222.0,1434.8716,0.0,720.98387,2.0011557,-303.15,sandstone
4025.0,1320.0,2013-11-30 04:59:41,0.0,22041.733,0.0,1.7666666000000002,1320.0,0.0,1320.0,2.0009268,0.98767405,4004.5601,21913131.0,303.15,111.0,0.0,0.042205819000000006,0.0088138425,0.0,0.0042630982,0.0,303.15,0.0,0.039131664,31794.46,101790.0,1434.9731,0.0,725.99217,2.0003171,-303.15,sandstone
4030.0,1320.0,2013-11-30 05:09:07,0.0,22740.487,0.0,1.7666667,1320.0,0.0,1320.0,2.0015708,0.98767405,4009.0716,21885653.0,303.15,111.0,0.0,0.042074603,0.008821575699999999,0.0,0.0043833296,0.0,303.15,0.0,0.039131667,27584.207,102356.0,1435.0774,0.0,730.98249,2.0014861,-303.15,sandstone
4035.0,1320.0,2013-11-30 05:18:35,0.0,22630.873,0.0,1.7666667,1320.0,0.0,1320.0,2.0005755,0.98767405,4013.5832,21883842.0,303.15,111.0,0.0,0.042058805,0.0088040987,0.0,0.0047212026,0.0,303.15,0.0,0.039131667,29556.685,102924.0,1435.1834,0.0,735.98779,2.000534,-303.15,sandstone
4040.0,1320.0,2013-11-30 05:28:03,0.0,22427.822,0.0,1.7666667,1320.0,0.0,1320.0,2.0001419,0.98767405,4014.3143,21931398.0,303.15,111.0,0.0,0.041476581,0.0087213167,0.0,0.0041620232,0.0,303.15,0.0,0.039131667,34031.728,103492.0,1435.29,0.0,740.9866900000002,2.0001419,-303.15,sandstone
4045.0,1320.0,2013-11-30 05:38:27,0.0,22736.807,0.0,1.7666667,1320.0,0.0,1320.0,1.9998211,0.98767405,4019.6095,22079199.0,303.15,111.0,0.0,0.040842193,0.0084914637,0.0,0.008625896999999999,0.0,303.15,0.0,0.039131667,42810.41,104101.0,1435.3982,0.0,745.9932200000002,1.9996809,-303.15,sandstone
4050.0,1320.0,2013-11-30 05:56:47,0.0,19865.62,0.0,1.7666667,1320.0,0.0,1320.0,1.9797667,0.98767405,4029.2632,22139857.0,303.15,111.0,0.0,0.036413433,0.0081012193,0.0,0.029990474,0.0,303.15,0.0,0.039131667,48561.64,105201.0,1435.6502,0.0,754.96599,1.9797667,-303.15,sandstone
4055.0,1320.0,2013-11-30 05:58:53,0.0,20512.731,0.0,1.7666667,1320.0,0.0,1320.0,1.9843352,0.98767405,4030.369,22135624.0,303.15,111.0,0.0,0.037166788,0.0081532547,0.0,0.030022838,0.0,303.15,0.0,0.039131667,48997.73,105327.0,1435.6526,0.0,755.99258,1.9846151,-303.15,sandstone
4060.0,1320.0,2013-11-30 06:34:03,0.0,24617.826,0.0,1.8081499,1320.0,0.0,1320.0,1.9985375,0.98767405,4043.8487,20368488.0,303.15,111.0,0.0,0.040031258,0.0088148207,0.0,0.02374099,0.0,303.15,0.0,0.040050521,54226.75900000001,106043.0,1437.6048,0.0,760.99646,1.9980334,-303.15,sandstone
4065.0,1320.0,2013-11-30 06:44:33,0.0,24487.336,0.0,1.8166604,1320.0,0.0,1320.0,2.1038755,0.98767405,4049.041,22640705.0,303.15,111.0,0.0,0.039819191,0.0088082842,0.0,0.026334073,0.0,303.15,0.0,0.040239028,71081.75200000001,106615.0,1438.106,0.0,765.9927799999998,2.1042577,-303.15,sandstone
4070.0,1320.0,2013-11-30 06:53:59,0.0,23635.353,0.0,1.8166667,1320.0,0.0,1320.0,2.3340697999999995,0.98767405,4053.7673,22655717.0,303.15,111.0,0.0,0.040112279,0.0088243614,0.0,0.028231671,0.0,303.15,0.0,0.040239166,72756.62599999999,107181.0,1438.2246,0.0,770.9831,2.3330382000000003,-303.15,sandstone
4075.0,1320.0,2013-11-30 07:03:31,0.0,24111.024,0.0,1.8166667,1320.0,0.0,1320.0,2.3336986,0.98767405,4055.8651,22786090.0,303.15,111.0,0.0,0.040159398,0.0087985597,0.0,0.024141888,0.0,303.15,0.0,0.040239167,83526.789,107753.0,1438.3449,0.0,775.9884,2.3333259,-303.15,sandstone
4080.0,1320.0,2013-11-30 07:13:05,0.0,24280.165,0.0,1.8166667,1320.0,0.0,1320.0,2.3349373,0.98767405,4055.8651,22862204.0,303.15,111.0,0.0,0.039404262,0.008374846,0.0,0.006263603100000001,0.0,303.15,0.0,0.040239167,84496.549,108327.0,1438.4659,0.0,780.98771,2.334673,-303.15,sandstone
4085.0,1320.0,2013-11-30 07:24:27,0.0,23487.318,0.0,1.8166667,1320.0,0.0,1320.0,2.3313054,0.98767405,4061.292,22863576.0,303.15,111.0,0.0,0.041323714,0.0084540851,0.0,0.0067829727,0.0,303.15,0.0,0.040239167,86658.55900000001,108960.0,1438.5888,0.0,785.9965599999998,2.3313385,-303.15,sandstone
4090.0,1320.0,2013-11-30 07:37:21,0.0,24011.987,0.0,1.8166667,1320.0,0.0,1320.0,2.3328725,0.98767405,4067.5396,22882738.0,303.15,111.0,0.0,0.041442022,0.0087376626,0.0,0.0052204748,0.0,303.15,0.0,0.040239167,89444.06599999998,109597.0,1438.7127,0.0,790.99949,2.3338962000000003,-303.15,sandstone
4095.0,1320.0,2013-11-30 08:40:14,0.0,22761.359,0.0,1.8162747,1320.0,0.0,1320.0,2.3323363,0.98767405,4087.9977,22891028.0,303.15,111.0,0.0,0.041547325,0.0047043076,0.0,0.0053288566,0.0,303.15,0.0,0.040230484,90688.466,110362.0,1438.8199,0.0,795.9750799999998,2.3332214,-303.15,sandstone
4100.0,1320.0,2013-11-30 08:50:09,0.0,23125.638,0.0,1.7667602999999998,1320.0,0.0,1320.0,2.335212,0.98767405,4091.2618,22484802.0,303.15,111.0,0.0,0.042383448,0.0085534473,0.0,0.0041378246,0.0,303.15,0.0,0.039133741,40620.297,110943.0,1436.6166,0.0,800.98742,2.3354023999999995,-303.15,sandstone
4105.0,1320.0,2013-11-30 08:59:55,0.0,23828.065,0.0,1.7666665,1320.0,0.0,1320.0,2.3346669,0.98767405,4094.8657,22528304.0,303.15,111.0,0.0,0.041947063,0.0085494365,0.0,0.0046913483,0.0,303.15,0.0,0.039131663,51860.96599999999,111529.0,1436.716,0.0,805.9954799999998,2.3343973,-303.15,sandstone
4110.0,1320.0,2013-11-30 09:10:03,0.0,23485.088,0.0,1.7666667,1320.0,0.0,1320.0,2.3343919,0.98767405,4094.9707,22575125.0,303.15,111.0,0.0,0.040799829,0.0085387127,0.0,0.0036311144,0.0,303.15,0.0,0.039131667,58813.82,112109.0,1436.8244,0.0,810.9848400000002,2.3341247000000003,-303.15,sandstone
4115.0,1320.0,2013-11-30 09:20:11,0.0,22357.05,0.0,1.7666667,1320.0,0.0,1320.0,2.3327247000000004,0.98767405,4094.9707,22665031.0,303.15,111.0,0.0,0.040058464,0.008910086999999999,0.0,0.0028712279,0.0,303.15,0.0,0.039131667,47897.083,112689.0,1436.9331,0.0,815.9832299999998,2.3332925,-303.15,limestone
4120.0,1320.0,2013-11-30 09:30:09,0.0,22279.776,0.0,1.7666667,1320.0,0.0,1320.0,2.3340831000000004,0.98767405,4095.3416,22693187.0,303.15,111.0,0.0,0.039591299,0.0084724557,0.0,0.0027481793,0.0,303.15,0.0,0.039131667,49267.941,113274.0,1437.0414,0.0,820.98483,2.3342579,-303.15,sandstone
4125.0,1320.0,2013-11-30 09:40:23,0.0,22531.927000000003,0.0,1.7666667,1320.0,0.0,1320.0,2.332014,0.98767405,4100.2901,22539711.0,303.15,111.0,0.0,0.040520874,0.008151610200000001,0.0,0.0039174529,0.0,303.15,0.0,0.039131667,50474.133,113888.0,1437.15,0.0,825.99375,2.3318807,-303.15,sandstone
4130.0,1320.0,2013-11-30 09:50:35,0.0,22563.68,0.0,1.7666667,1320.0,0.0,1320.0,2.3314292,0.98767405,4105.4966,22416394.0,303.15,111.0,0.0,0.041095514,0.0081524439,0.0,0.0042237117,0.0,303.15,0.0,0.039131667,51205.217,114500.0,1437.2577,0.0,830.9868299999998,2.3312047,-303.15,sandstone
4135.0,1320.0,2013-11-30 10:00:49,0.0,22732.387,0.0,1.7666667,1320.0,0.0,1320.0,2.3313541,0.98767405,4110.5171,22385118.0,303.15,111.0,0.0,0.040656283,0.0081568207,0.0,0.0089959103,0.0,303.15,0.0,0.039131667,49175.038,115114.0,1437.3659,0.0,835.99575,2.3310515,-303.15,sandstone
4140.0,1320.0,2013-11-30 10:32:29,0.0,23204.809,0.0,1.7666667,1320.0,0.0,1320.0,2.3334455000000003,0.98767405,4122.1523,20599690.0,303.15,111.0,0.0,0.040242911,0.0085382925,0.0,0.026515747000000003,0.0,303.15,0.0,0.039131667,25424.694,115692.0,1437.4775,0.0,840.9929,2.3339001,-303.15,sandstone
4145.0,1320.0,2013-11-30 10:42:13,0.0,22550.428,0.0,1.7961731,1320.0,0.0,1320.0,2.3324539,0.98767405,4126.977,23067391.0,303.15,111.0,0.0,0.039986107,0.0085410877,0.0,0.028897766,0.0,303.15,0.0,0.039785235,40688.164,116276.0,1438.9358,0.0,845.98355,2.3327925,-303.15,sandstone
4150.0,1320.0,2013-11-30 10:51:59,0.0,22954.497000000007,0.0,1.8000062,1320.0,0.0,1320.0,2.332999,0.98767405,4131.8281,23126625.0,303.15,111.0,0.0,0.039474839,0.008548403100000001,0.0,0.03013903,0.0,303.15,0.0,0.039870137,42144.147,116862.0,1439.2212,0.0,850.9916099999998,2.332779,-303.15,sandstone
4155.0,1320.0,2013-11-30 11:01:45,0.0,23659.577,0.0,1.8,1320.0,0.0,1320.0,2.3342107000000003,0.98767405,4135.6,23117526.0,303.15,111.0,0.0,0.039042374,0.0085424999,0.0,0.02798149,0.0,303.15,0.0,0.03987,44644.59099999999,117448.0,1439.3308,0.0,855.9996800000001,2.3342446,-303.15,sandstone
4160.0,1320.0,2013-11-30 11:11:29,0.0,22883.778,0.0,1.8,1320.0,0.0,1320.0,2.3322786,0.98767405,4135.6,22994452.0,303.15,111.0,0.0,0.039548456,0.0086237711,0.0,0.011718709,0.0,303.15,0.0,0.03987,49174.428,118032.0,1439.4404,0.0,860.9990300000002,2.3320044,-303.15,sandstone
4165.0,1320.0,2013-11-30 11:21:41,0.0,22900.321,0.0,1.8,1320.0,0.0,1320.0,2.3317318,0.98767405,4140.0559,22843569.0,303.15,111.0,0.0,0.039605282,0.0081533465,0.0,0.015150576,0.0,303.15,0.0,0.03987,53097.543,118644.0,1439.5502,0.0,865.99582,2.3311404,-303.15,sandstone
4170.0,1320.0,2013-11-30 11:32:53,0.0,23562.563,0.0,1.8,1320.0,0.0,1320.0,2.3323512,0.98767405,4145.7827,22647312.0,303.15,111.0,0.0,0.039751414,0.0083615646,0.0,0.027125671,0.0,303.15,0.0,0.03987,57883.886,119241.0,1439.6602,0.0,870.99311,2.3319224,-303.15,sandstone
4175.0,1320.0,2013-11-30 11:43:31,0.0,23904.552000000003,0.0,1.8,1320.0,0.0,1320.0,2.33418,0.98767405,4151.2113,20365815.0,303.15,111.0,0.0,0.040119163,0.0081491527,0.0,0.027905385,0.0,303.15,0.0,0.03987,43729.261,119843.0,1439.7699,0.0,875.9905699999998,2.3337891,-303.15,sandstone
4180.0,1320.0,2013-11-30 12:10:03,0.0,23285.029,0.0,1.8,1320.0,0.0,1320.0,2.3315494,0.98767405,4160.6904,22988777.0,303.15,111.0,0.0,0.039635612,0.0086474645,0.0,0.022527654,0.0,303.15,0.0,0.03987,43344.044,120479.0,1439.9143,0.0,880.9971300000002,2.33165,-303.15,sandstone
4185.0,1320.0,2013-11-30 12:19:41,0.0,23929.906000000006,0.0,1.8,1320.0,0.0,1320.0,2.5299509,0.98767405,4165.4065,23120864.0,303.15,111.0,0.0,0.039766697,0.0086448809,0.0,0.027583004,0.0,303.15,0.0,0.03987,45602.99,121057.0,1440.0428,0.0,885.9943099999998,2.5299839,-303.15,sandstone
4190.0,1320.0,2013-11-30 12:38:29,0.0,23514.119,0.0,1.8,1320.0,0.0,1320.0,2.6660153,0.98767405,4173.4241,23000497.0,303.15,111.0,0.0,0.039640731,0.008767437,0.0,0.028619811,0.0,303.15,0.0,0.03987,45176.515,121658.0,1440.1617,0.0,890.99148,2.6661066000000004,-303.15,sandstone
4195.0,1320.0,2013-11-30 12:48:07,0.0,24926.349,0.0,1.8,1320.0,0.0,1320.0,2.6666702,0.98767405,4175.6046,19969990.0,303.15,111.0,0.0,0.040233465,0.0086397654,0.0,0.025105403,0.0,303.15,0.0,0.03987,18814.584,122236.0,1440.2795,0.0,895.9916,2.6665227,-303.15,sandstone
4200.0,1320.0,2013-11-30 12:57:45,0.0,23858.445,0.0,1.8,1320.0,0.0,1320.0,2.6666807,0.98767405,4178.6362,22473350.0,303.15,111.0,0.0,0.039664144,0.0086622874,0.0,0.01141898,0.0,303.15,0.0,0.03987,35404.526,122814.0,1440.3884,0.0,900.98878,2.6667554,-303.15,sandstone
4205.0,1320.0,2013-11-30 13:08:05,0.0,24095.54,0.0,1.8,1320.0,0.0,1320.0,2.6674343,0.98767405,4183.9546,22462423.0,303.15,111.0,0.0,0.039701433,0.008019351999999999,0.0,0.026158707000000003,0.0,303.15,0.0,0.03987,37445.028,123434.0,1440.5057,0.0,905.99968,2.6674949,-303.15,sandstone
4210.0,1320.0,2013-11-30 13:18:29,0.0,24205.86,0.0,1.8,1320.0,0.0,1320.0,2.6657499,0.98767405,4188.7518,22593862.0,303.15,111.0,0.0,0.039657555,0.0080104418,0.0,0.028273721,0.0,303.15,0.0,0.03987,45716.625,124058.0,1440.6223,0.0,910.99375,2.6655949,-303.15,sandstone
4215.0,1320.0,2013-11-30 13:28:53,0.0,24249.758,0.0,1.8,1320.0,0.0,1320.0,2.6660782000000003,0.98767405,4190.4646,22770345.0,303.15,111.0,0.0,0.038950223,0.008002954100000001,0.0,0.014465817,0.0,303.15,0.0,0.03987,49536.693,124682.0,1440.7394,0.0,915.98782,2.6659925,-303.15,sandstone
4220.0,1320.0,2013-11-30 13:57:15,0.0,23980.777,0.0,1.7879718,1320.0,0.0,1320.0,2.4322924,0.98767405,4201.8584,23061672.0,303.15,111.0,0.0,0.039545922,0.0086423335,0.0,0.013856428999999998,0.0,303.15,0.0,0.039603574,21870.732000000004,125420.0,1440.3212,0.0,920.99741,2.4322143,-303.15,sandstone
4225.0,1320.0,2013-11-30 14:07:15,0.0,24489.093,0.0,1.7833386999999998,1320.0,0.0,1320.0,2.6658173,0.98767405,4206.5974,23129728.0,303.15,111.0,0.0,0.039846696,0.0072605332,0.0,0.023992015,0.0,303.15,0.0,0.039500952,4193.8582,126020.0,1440.2375,0.0,925.99165,2.6657428,-303.15,sandstone
4230.0,1320.0,2013-11-30 14:16:53,0.0,23746.407000000007,0.0,1.7833332999999998,1320.0,0.0,1320.0,2.6647941000000004,0.98767405,4211.1465,23064029.0,303.15,111.0,0.0,0.039903024,0.0086584512,0.0,0.026460483,0.0,303.15,0.0,0.039500833,3996.9397,126598.0,1440.3621,0.0,930.99176,2.6647766,-303.15,sandstone
4235.0,1320.0,2013-11-30 14:50:11,0.0,24526.092,0.0,1.8120225,1320.0,0.0,1320.0,2.6676335,0.98767405,4216.4065,22991516.0,303.15,111.0,0.0,0.039827153,0.008655375,0.0,0.014797513,0.0,303.15,0.0,0.040136298,37999.464,127181.0,1441.82,0.0,935.99873,2.6677044,-303.15,sandstone
4240.0,1320.0,2013-11-30 14:59:49,0.0,24745.269,0.0,1.816664,1320.0,0.0,1320.0,2.666611,0.98767405,4216.5306,23042026.0,303.15,111.0,0.0,0.040003076,0.008628202,0.0,0.0082406525,0.0,303.15,0.0,0.040239109,50147.407,127759.0,1442.1636,0.0,940.99591,2.6667234,-303.15,sandstone
4245.0,1320.0,2013-11-30 15:10:17,0.0,24081.207,0.0,1.8166667,1320.0,0.0,1320.0,2.6668981,0.98767405,4221.8622,23270637.0,303.15,111.0,0.0,0.039574294,0.008011664,0.0,0.016386939,0.0,303.15,0.0,0.040239167,60992.873,128371.0,1442.2932,0.0,945.99993,2.6668996,-303.15,sandstone
4250.0,1320.0,2013-11-30 15:21:05,0.0,23198.79,0.0,1.8166667,1320.0,0.0,1320.0,2.6664497000000003,0.98767405,4227.3521,22291096.0,303.15,111.0,0.0,0.04046346,0.0080046918,0.0,0.024272882000000003,0.0,303.15,0.0,0.040239167,60569.152,128989.0,1442.4231,0.0,950.98991,2.6665013,-303.15,sandstone
4255.0,1320.0,2013-11-30 15:32:07,0.0,22769.167,0.0,1.8166667,1320.0,0.0,1320.0,2.6660747,0.98767405,4231.3102,22050778.0,303.15,111.0,0.0,0.039209399,0.0080514029,0.0,0.021185972,0.0,303.15,0.0,0.040239167,49319.87,129604.0,1442.5542,0.0,955.98655,2.6663309,-303.15,sandstone
4260.0,1320.0,2013-11-30 15:59:21,0.0,24423.645,0.0,1.8042964,1320.0,0.0,1320.0,2.6666758,0.98767405,4241.9698,23497720.0,303.15,111.0,0.0,0.040358732,0.0086470373,0.0,0.014876611,0.0,303.15,0.0,0.039965166,52110.225,130296.0,1442.0677,0.0,960.98741,2.6665727,-303.15,sandstone
4265.0,1320.0,2013-11-30 16:08:59,0.0,25269.029,0.0,1.8000023999999997,1320.0,0.0,1320.0,2.6677051,0.98767405,4246.431,23475509.0,303.15,111.0,0.0,0.040764621,0.0086439669,0.0,0.012455852,0.0,303.15,0.0,0.039870054,56985.258,130874.0,1441.9719,0.0,965.98458,2.6676342,-303.15,sandstone
4270.0,1320.0,2013-11-30 16:18:49,0.0,23881.574,0.0,1.8,1320.0,0.0,1320.0,2.6666836,0.98767405,4250.8985,23453214.0,303.15,111.0,0.0,0.040214777,0.0086474012,0.0,0.021707722,0.0,303.15,0.0,0.03987,53730.211,131448.0,1442.0929,0.0,970.98399,2.6666719,-303.15,sandstone
4275.0,1320.0,2013-11-30 16:28:39,0.0,24019.906000000006,0.0,1.8,1320.0,0.0,1320.0,2.6665013,0.98767405,4255.2421,23470412.0,303.15,111.0,0.0,0.039922848,0.0086447825,0.0,0.024151347000000004,0.0,303.15,0.0,0.03987,54178.46599999999,132022.0,1442.214,0.0,975.98503,2.6664828,-303.15,sandstone
4280.0,1320.0,2013-11-30 16:38:19,0.0,24653.985,0.0,1.8,1320.0,0.0,1320.0,2.6673301,0.98767405,4256.2931,23426820.0,303.15,111.0,0.0,0.039876484,0.0086447825,0.0,0.01593579,0.0,303.15,0.0,0.03987,51335.526,132602.0,1442.3354,0.0,980.99984,2.6676465,-303.15,sandstone
4285.0,1320.0,2013-11-30 16:48:45,0.0,24778.943,0.0,1.8,1320.0,0.0,1320.0,2.665283,0.98767405,4259.6388,23457136.0,303.15,111.0,0.0,0.04031233,0.008057120899999999,0.0,0.0071683748,0.0,303.15,0.0,0.03987,62287.708,133212.0,1442.4556,0.0,985.98627,2.6652195,-303.15,sandstone
4290.0,1320.0,2013-11-30 16:59:11,0.0,25862.501,0.0,1.8,1320.0,0.0,1320.0,2.6643338,0.98767405,4265.0277,23538628.0,303.15,111.0,0.0,0.040595273,0.0080005833,0.0,0.010300652,0.0,303.15,0.0,0.03987,74309.681,133838.0,1442.5773,0.0,990.99588,2.664239,-303.15,sandstone
4295.0,1320.0,2013-11-30 17:09:49,0.0,25912.873,0.0,1.8,1320.0,0.0,1320.0,2.6667027,0.98767405,4270.416,23715417.0,303.15,111.0,0.0,0.040110373,0.0079592512,0.0,0.013246145,0.0,303.15,0.0,0.03987,74109.401,134459.0,1442.6986,0.0,995.99768,2.6665055,-303.15,sandstone
4300.0,1320.0,2013-11-30 17:39:35,0.0,25480.188,0.0,1.8,1320.0,0.0,1320.0,2.6649552000000005,0.98767405,4281.3652,23790708.0,303.15,111.0,0.0,0.040068166,0.0087567103,0.0,0.019360364,0.0,303.15,0.0,0.03987,59094.435,135197.0,1442.8157,0.0,1000.9865,2.6650498,-303.15,sandstone
4305.0,1320.0,2013-11-30 17:49:25,0.0,25211.404,0.0,1.8,1320.0,0.0,1320.0,2.667495,0.98767405,4285.973,23666498.0,303.15,111.0,0.0,0.040329639,0.0087948778,0.0,0.026832928,0.0,303.15,0.0,0.03987,42750.28,135771.0,1442.933,0.0,1005.986,2.6675581000000004,-303.15,sandstone
4310.0,1320.0,2013-11-30 17:59:03,0.0,25059.754,0.0,1.8,1320.0,0.0,1320.0,2.6673711,0.98767405,4290.5947,23444425.0,303.15,111.0,0.0,0.040394567,0.008638712,0.0,0.025555716000000003,0.0,303.15,0.0,0.03987,44233.109,136349.0,1443.0526,0.0,1010.9832,2.6673391,-303.15,sandstone
4315.0,1320.0,2013-11-30 18:08:43,0.0,24474.309,0.0,1.8,1320.0,0.0,1320.0,2.6668685,0.98767405,4295.0806,22815560.0,303.15,111.0,0.0,0.040315446,0.008638712,0.0,0.024443638,0.0,303.15,0.0,0.03987,38769.742,136929.0,1443.1729999999998,0.0,1015.998,2.6667929,-303.15,sandstone
4320.0,1320.0,2013-11-30 18:18:21,0.0,24878.703,0.0,1.8,1320.0,0.0,1320.0,2.6678042,0.98767405,4296.6472,21234050.0,303.15,111.0,0.0,0.0402726,0.008636112900000001,0.0,0.011518087,0.0,303.15,0.0,0.03987,25521.449,137507.0,1443.2925,0.0,1020.9952,2.6678042,-303.15,sandstone
4325.0,1320.0,2013-11-30 18:28:31,0.0,24275.533,0.0,1.8,1320.0,0.0,1320.0,2.6686641,0.98767405,4299.2354,23074110.0,303.15,111.0,0.0,0.040245462,0.0080025587,0.0,0.0052265852,0.0,303.15,0.0,0.03987,40352.65,138117.0,1443.4118,0.0,1025.9914,2.6685793,-303.15,sandstone
4330.0,1320.0,2013-11-30 18:39:23,0.0,24480.132,0.0,1.8,1320.0,0.0,1320.0,2.6662004,0.98767405,4304.7332,23220184.0,303.15,111.0,0.0,0.040329655,0.0079937527,0.0,0.013907574,0.0,303.15,0.0,0.03987,45617.391,138739.0,1443.531,0.0,1030.9857,2.6662881,-303.15,sandstone
4335.0,1320.0,2013-11-30 18:49:49,0.0,24610.921,0.0,1.8,1320.0,0.0,1320.0,2.6662859,0.98767405,4310.1204,23444384.0,303.15,111.0,0.0,0.040184597,0.0080096899,0.0,0.014274994,0.0,303.15,0.0,0.03987,52619.059,139365.0,1443.6507,0.0,1035.9953,2.6659657,-303.15,sandstone
4340.0,1320.0,2013-11-30 19:20:25,0.0,25384.449,0.0,1.7901215,1320.0,0.0,1320.0,2.6648666000000003,0.98767405,4321.0845,21739778.0,303.15,111.0,0.0,0.041021132,0.008820299200000001,0.0,0.0097055893,0.0,303.15,0.0,0.039651191,33916.624,139989.0,1443.3029,0.0,1040.9894,2.6648344,-303.15,sandstone
4345.0,1320.0,2013-11-30 19:32:23,0.0,25653.089,0.0,1.7833371999999998,1320.0,0.0,1320.0,2.6666392999999995,0.98767405,4325.0472,23190921.0,303.15,111.0,0.0,0.040489811,0.008628202,0.0,0.013070755,0.0,303.15,0.0,0.039500918,35662.272000000004,140579.0,1443.1015,0.0,1045.9866,2.6659442,-303.15,sandstone
4350.0,1320.0,2013-11-30 19:42:02,0.0,25796.962000000003,0.0,1.7833332999999998,1320.0,0.0,1320.0,2.6675133,0.98767405,4328.6571,23667484.0,303.15,111.0,0.0,0.040434742,0.0085767554,0.0,0.013945815,0.0,303.15,0.0,0.039500833,36981.569,141158.0,1443.2202,0.0,1050.9838,2.6674749,-303.15,sandstone
4355.0,1320.0,2013-11-30 19:51:23,0.0,25341.613,0.0,1.7833332999999998,1320.0,0.0,1320.0,2.6646067,0.98767405,4332.1428,23569199.0,303.15,111.0,0.0,0.040130983,0.0086461575,0.0,0.013961516,0.0,303.15,0.0,0.039500833,40090.767,141718.0,1443.3399,0.0,1055.9987,2.6651592,-303.15,sandstone
4360.0,1320.0,2013-11-30 20:01:00,0.0,25529.965,0.0,1.795721,1320.0,0.0,1320.0,2.6665947,0.98767405,4335.7527,23427145.0,303.15,111.0,0.0,0.039949935,0.008643089,0.0,0.010813255,0.0,303.15,0.0,0.03977522,44854.88200000001,142296.0,1444.0485,0.0,1060.9959,2.6663217999999995,-303.15,sandstone
4365.0,1320.0,2013-11-30 20:11:14,0.0,25725.372000000007,0.0,1.7999922,1320.0,0.0,1320.0,2.6676458,0.98767405,4339.6097,23430903.0,303.15,111.0,0.0,0.039893126,0.0080083198,0.0,0.0057293685,0.0,303.15,0.0,0.039869826,45684.667,142910.0,1444.3711,0.0,1065.9888,2.6676466,-303.15,sandstone
4370.0,1320.0,2013-11-30 20:21:40,0.0,26157.733,0.0,1.8,1320.0,0.0,1320.0,2.6674862,0.98767405,4344.0843,23563541.0,303.15,111.0,0.0,0.039971533,0.0079986089,0.0,0.013099053,0.0,303.15,0.0,0.03987,49841.33900000001,143536.0,1444.4915,0.0,1070.9984,2.6669318,-303.15,sandstone
4375.0,1320.0,2013-11-30 20:32:04,0.0,25776.81,0.0,1.8,1320.0,0.0,1320.0,2.6659222,0.98767405,4349.5071,23514702.0,303.15,111.0,0.0,0.039431059,0.0080056837,0.0,0.014958043999999997,0.0,303.15,0.0,0.03987,53336.512,144160.0,1444.611,0.0,1075.9925,2.6667256,-303.15,sandstone
4380.0,1320.0,2013-11-30 20:58:00,0.0,25659.816000000006,0.0,1.8,1320.0,0.0,1320.0,2.6669618,0.98767405,4360.4747,23572533.0,303.15,111.0,0.0,0.039996136,0.0086408991,0.0,0.013357271,0.0,303.15,0.0,0.03987,44319.184,144780.0,1444.7197,0.0,1080.9898,2.667127,-303.15,sandstone
4385.0,1320.0,2013-11-30 21:07:08,0.0,26195.72,0.0,1.8,1320.0,0.0,1320.0,2.6659498,0.98767405,4364.8889,23501056.0,303.15,111.0,0.0,0.039634383,0.008637834,0.0,0.013736353,0.0,303.15,0.0,0.03987,39305.825,145328.0,1444.8029,0.0,1085.9948,2.6670113,-303.15,sandstone
4390.0,1320.0,2013-11-30 21:16:46,0.0,26125.63,0.0,1.8,1320.0,0.0,1320.0,2.6666033,0.98767405,4369.4917,23485960.0,303.15,111.0,0.0,0.040028208,0.008660237099999999,0.0,0.014100389,0.0,303.15,0.0,0.03987,36357.751,145906.0,1444.914,0.0,1090.9949,2.6665532,-303.15,sandstone
4395.0,1320.0,2013-11-30 21:26:50,0.0,26076.013,0.0,1.8,1320.0,0.0,1320.0,2.665588,0.98767405,4374.3105,23573043.0,303.15,111.0,0.0,0.039621548,0.008751354499999999,0.0,0.014418855,0.0,303.15,0.0,0.03987,38456.09,146479.0,1445.0242,0.0,1095.9889,2.6657229,-303.15,sandstone
4400.0,1320.0,2013-11-30 21:36:28,0.0,25914.006,0.0,1.8,1320.0,0.0,1320.0,2.6647177,0.98767405,4376.7929,23688599.0,303.15,111.0,0.0,0.039553329,0.0086369447,0.0,0.01347669,0.0,303.15,0.0,0.03987,41431.956,147057.0,1445.1343,0.0,1100.9861,2.6648567,-303.15,sandstone
4405.0,1320.0,2013-11-30 21:46:32,0.0,26092.358,0.0,1.8,1320.0,0.0,1320.0,2.6672834,0.98767405,4378.6673,23765754.0,303.15,111.0,0.0,0.039903857,0.0080005833,0.0,0.0056431802,0.0,303.15,0.0,0.03987,46127.27,147661.0,1445.2435,0.0,1105.9879,2.6671668,-303.15,sandstone
4410.0,1320.0,2013-11-30 21:56:58,0.0,26523.908,0.0,1.8,1320.0,0.0,1320.0,2.6657956,0.98767405,4384.3244,21461449.0,303.15,111.0,0.0,0.040401238,0.0079878435,0.0,0.012667049,0.0,303.15,0.0,0.03987,36025.144,148287.0,1445.3522,0.0,1110.9975,2.6657881000000003,-303.15,sandstone
4415.0,1320.0,2013-11-30 22:07:22,0.0,26617.483,0.0,1.8,1320.0,0.0,1320.0,2.663621,0.98767405,4389.6777,21556348.0,303.15,111.0,0.0,0.04077931,0.0079905489,0.0,0.015986725,0.0,303.15,0.0,0.03987,37908.108,148911.0,1445.4595,0.0,1115.9916,2.6635162,-303.15,sandstone
4420.0,1320.0,2013-11-30 22:31:45,0.0,25674.977000000006,0.0,1.8,1320.0,0.0,1320.0,2.6636897,0.98767405,4399.3277,23480928.0,303.15,111.0,0.0,0.039535994,0.0087313923,0.0,0.016705841000000003,0.0,303.15,0.0,0.03987,37272.95,149540.0,1445.5664,0.0,1120.9809,2.6635008,-303.15,sandstone
4425.0,1320.0,2013-11-30 22:41:56,0.0,26459.416,0.0,1.8,1320.0,0.0,1320.0,2.6599396,0.98767405,4404.4052,23722731.0,303.15,111.0,0.0,0.04007243,0.0086488064,0.0,0.021943039,0.0,303.15,0.0,0.03987,38496.02,150110.0,1445.6716,0.0,1125.9886,2.6602627,-303.15,sandstone
4430.0,1320.0,2013-11-30 22:51:33,0.0,25870.402,0.0,1.8,1320.0,0.0,1320.0,2.6639838,0.98767405,4408.9968,23607028.0,303.15,111.0,0.0,0.039730951,0.0085691912,0.0,0.022508195,0.0,303.15,0.0,0.03987,30888.345,150688.0,1445.7764,0.0,1130.9858,2.6638997000000004,-303.15,sandstone
4435.0,1320.0,2013-11-30 23:02:53,0.0,26162.373,0.0,1.8,1320.0,0.0,1320.0,2.6649217,0.98767405,4414.4163,23599802.0,303.15,111.0,0.0,0.039772039,0.008734378000000001,0.0,0.024298072,0.0,303.15,0.0,0.03987,27468.446,151262.0,1445.8808,0.0,1135.9826,2.66474,-303.15,sandstone
4440.0,1320.0,2013-11-30 23:12:33,0.0,26612.158,0.0,1.8,1320.0,0.0,1320.0,2.6636637000000003,0.98767405,4417.9604,23723140.0,303.15,111.0,0.0,0.03970887,0.008642655899999999,0.0,0.022247101,0.0,303.15,0.0,0.03987,28785.957,151842.0,1445.9859,0.0,1140.9974,2.6636252,-303.15,sandstone
4445.0,1320.0,2013-11-30 23:22:37,0.0,26538.497000000007,0.0,1.8,1320.0,0.0,1320.0,2.6649801,0.98767405,4419.6164,23774488.0,303.15,111.0,0.0,0.039610044,0.008010432900000001,0.0,0.0093364901,0.0,303.15,0.0,0.03987,37933.416,152446.0,1446.0892,0.0,1145.9928,2.6647895,-303.15,sandstone
4450.0,1320.0,2013-11-30 23:33:01,0.0,26814.009,0.0,1.8,1320.0,0.0,1320.0,2.6648522,0.98767405,4424.7949,23833963.0,303.15,111.0,0.0,0.039737262,0.0079889105,0.0,0.015062005,0.0,303.15,0.0,0.03987,47289.657,153070.0,1446.1915,0.0,1150.9868,2.6648065,-303.15,sandstone
4455.0,1320.0,2013-11-30 23:43:27,0.0,27014.778,0.0,1.8,1320.0,0.0,1320.0,2.6638935,0.98767405,4430.1836,23846946.0,303.15,111.0,0.0,0.039914237000000005,0.008009448,0.0,0.014787985,0.0,303.15,0.0,0.03987,51038.335,153696.0,1446.2937,0.0,1155.9964,2.6639515,-303.15,sandstone
4460.0,1320.0,2013-12-01 00:08:26,0.0,26895.494,0.0,1.802879,1320.0,0.0,1320.0,2.664031,0.98767405,4439.2244,22884217.0,303.15,111.0,0.0,0.040490391,0.008640465200000001,0.0,0.01126551,0.0,303.15,0.0,0.039933771,38010.43700000001,154338.0,1446.5805,0.0,1160.9861,2.6640348,-303.15,sandstone
4465.0,1320.0,2013-12-01 00:18:04,0.0,27341.339,0.0,1.8166589,1320.0,0.0,1320.0,2.6642951,0.98767405,4444.0965,21976901.0,303.15,111.0,0.0,0.040135604,0.008637396700000001,0.0,0.011470541,0.0,303.15,0.0,0.040238994,24312.621,154916.0,1447.4277,0.0,1165.9833,2.664323200000001,-303.15,sandstone
4470.0,1320.0,2013-12-01 00:27:44,0.0,25980.215,0.0,1.8166667,1320.0,0.0,1320.0,2.6636182,0.98767405,4448.7628,23961801.0,303.15,111.0,0.0,0.040016949,0.008637396700000001,0.0,0.014294197,0.0,303.15,0.0,0.040239167,47202.401,155496.0,1447.5522,0.0,1170.9981,2.6638686000000003,-303.15,sandstone
4475.0,1320.0,2013-12-01 00:46:09,0.0,23847.546,0.0,1.8166667,1320.0,0.0,1320.0,2.6658333,0.98767405,4457.6555,22532572.0,303.15,111.0,0.0,0.040278323,0.0086526673,0.0,0.015090806000000003,0.0,303.15,0.0,0.040239167,30424.857000000004,156520.0,1447.6764,0.0,1175.9977,2.6659477000000003,-303.15,sandstone
4480.0,1320.0,2013-12-01 00:55:47,0.0,25848.951,0.0,1.8166667,1320.0,0.0,1320.0,2.6653752,0.98767405,4458.1856,21351823.0,303.15,111.0,0.0,0.040124368,0.0086500608,0.0,0.011768839,0.0,303.15,0.0,0.040239167,39060.199,157098.0,1447.8015,0.0,1180.9949,2.6651830000000003,-303.15,sandstone
4485.0,1320.0,2013-12-01 01:05:48,0.0,26079.076,0.0,1.8166667,1320.0,0.0,1320.0,2.664887,0.98767405,4463.115,23921608.0,303.15,111.0,0.0,0.039930628,0.0079996697,0.0,0.007733530600000002,0.0,303.15,0.0,0.040239167,55316.195,157698.0,1447.9281,0.0,1185.9988,2.6646029,-303.15,sandstone
4490.0,1320.0,2013-12-01 01:17:01,0.0,26300.778,0.0,1.8166667,1320.0,0.0,1320.0,2.6655341,0.98767405,4468.9167,23851464.0,303.15,111.0,0.0,0.041150321,0.008011421,0.0,0.012018145,0.0,303.15,0.0,0.040239167,54667.78599999999,158318.0,1448.0553,0.0,1190.9928,2.6664414,-303.15,sandstone
4495.0,1320.0,2013-12-01 01:27:25,0.0,27186.104,0.0,1.8166667,1320.0,0.0,1320.0,2.6631779,0.98767405,4472.3881,23911800.0,303.15,111.0,0.0,0.040116597,0.0080054809,0.0,0.0090707429,0.0,303.15,0.0,0.040239167,58114.987,158942.0,1448.1841,0.0,1195.9869,2.6624639,-303.15,sandstone
4500.0,1320.0,2013-12-01 02:01:53,0.0,27524.034,0.0,1.810136,1320.0,0.0,1320.0,2.6367361,0.98767405,4484.4582,24047919.0,303.15,111.0,0.0,0.040426167,0.004999936,0.0,0.0118393,0.0,303.15,0.0,0.040094513,74120.504,159824.0,1447.9752,0.0,1200.9974,2.6346556,-303.15,sandstone
4505.0,1320.0,2013-12-01 02:15:43,0.0,26594.605,0.0,1.8105933,1320.0,0.0,1320.0,2.6633383,0.98767405,4490.6276,24055301.0,303.15,111.0,0.0,0.039904966,0.007446130899999999,0.0,0.024073624,0.0,303.15,0.0,0.040104641,61110.431,160654.0,1448.0728,0.0,1205.9975,2.6636158,-303.15,sandstone
4510.0,1320.0,2013-12-01 02:25:57,0.0,26458.185,0.0,1.8166597,1320.0,0.0,1320.0,2.6632804,0.98767405,4495.5368,24140016.0,303.15,111.0,0.0,0.039777523,0.0086360837,0.0,0.024686447,0.0,303.15,0.0,0.040239012000000005,64642.34099999999,161268.0,1448.4867,0.0,1210.9918,2.663173,-303.15,sandstone
4515.0,1320.0,2013-12-01 02:36:29,0.0,26548.345,0.0,1.8166667,1320.0,0.0,1320.0,2.6640867000000004,0.98767405,4498.0454,24167759.0,303.15,111.0,0.0,0.039788369,0.0083162219,0.0,0.014810847,0.0,303.15,0.0,0.040239167,74229.991,161865.0,1448.6063,0.0,1215.9984,2.6641859,-303.15,sandstone
4520.0,1320.0,2013-12-01 02:55:05,0.0,25724.815,0.0,1.8166667,1320.0,0.0,1320.0,2.6657598,0.98767405,4500.3851,23554396.0,303.15,111.0,0.0,0.03995099,0.0033139196,0.0,0.00423678,0.0,303.15,0.0,0.040239167,71827.57400000001,162981.0,1448.7252,0.0,1220.9985,2.66576,-303.15,sandstone
4525.0,1320.0,2013-12-01 03:15:25,0.0,25455.391,0.0,1.8166667,1320.0,0.0,1320.0,2.4360082000000003,0.98767405,4508.8037,23021007.0,303.15,111.0,0.0,0.040477508,0.0053301001,0.0,0.0031614499,0.0,303.15,0.0,0.040239167,47350.453,164201.0,1448.8443,0.0,1225.9969,2.4365687,-303.15,sandstone
4530.0,1320.0,2013-12-01 03:27:47,0.0,25072.055,0.0,1.8166667,1320.0,0.0,1320.0,2.6644819,0.98767405,4514.7527,24043697.0,303.15,111.0,0.0,0.041466433,0.0078072522,0.0,0.0036502552,0.0,303.15,0.0,0.040239167,47089.738,164921.0,1448.9628,0.0,1230.9902,2.6644194,-303.15,sandstone
4535.0,1320.0,2013-12-01 03:38:17,0.0,27093.799,0.0,1.8166667,1320.0,0.0,1320.0,2.6627196,0.98767405,4518.437,24193759.0,303.15,111.0,0.0,0.040607931,0.0077679768,0.0,0.003995291,0.0,303.15,0.0,0.040239167,55098.127,165551.0,1449.0817,0.0,1235.9947,2.662617,-303.15,sandstone
4540.0,1320.0,2013-12-01 04:06:22,0.0,26817.448,0.0,1.8119789,1320.0,0.0,1320.0,2.3764951,0.98767405,4523.1241,24325506.0,303.15,111.0,0.0,0.040963912000000005,0.0065572826,0.0,0.0047941337,0.0,303.15,0.0,0.040135332,47829.49,166370.0,1448.963,0.0,1240.9875,2.3764335,-303.15,sandstone
4545.0,1320.0,2013-12-01 04:17:56,0.0,27220.372000000007,0.0,1.7999927,1320.0,0.0,1320.0,2.6569921,0.98767405,4527.1741,24522438.0,303.15,111.0,0.0,0.040194618,0.007228936899999998,0.0,0.01503254,0.0,303.15,0.0,0.039869838,45490.114,167064.0,1448.4514,0.0,1245.9906,2.6569371,-303.15,sandstone
4550.0,1320.0,2013-12-01 04:29:16,0.0,26936.877,0.0,1.8,1320.0,0.0,1320.0,2.6610144,0.98767405,4532.0938,24543540.0,303.15,111.0,0.0,0.040198154,0.0084975472,0.0,0.021918107000000003,0.0,303.15,0.0,0.03987,50516.34400000001,167744.0,1448.5619,0.0,1250.9966,2.6609262000000005,-303.15,sandstone
4555.0,1320.0,2013-12-01 04:40:02,0.0,27078.484,0.0,1.8,1320.0,0.0,1320.0,2.6605242,0.98767405,4536.838,24588438.0,303.15,111.0,0.0,0.040399012000000005,0.0078607738,0.0,0.02567564,0.0,303.15,0.0,0.03987,51927.333,168390.0,1448.6707,0.0,1255.9967,2.6605257,-303.15,sandstone
4560.0,1320.0,2013-12-01 04:51:26,0.0,27702.8,0.0,1.8,1320.0,0.0,1320.0,2.6577831,0.98767405,4538.5944,24585811.0,303.15,111.0,0.0,0.040217745,0.0071410434,0.0,0.016554558,0.0,303.15,0.0,0.03987,60184.958,169074.0,1448.7789,0.0,1260.9968,2.6577807,-303.15,sandstone
4565.0,1320.0,2013-12-01 05:05:22,0.0,26865.455,0.0,1.8,1320.0,0.0,1320.0,2.6625756000000003,0.98767405,4542.7898,24545227.0,303.15,111.0,0.0,0.040335149,0.0058986408,0.0,0.0086884759,0.0,303.15,0.0,0.03987,61898.408,169910.0,1448.8862,0.0,1265.9968,2.6625832000000003,-303.15,sandstone
4570.0,1320.0,2013-12-01 05:17:57,0.0,25928.431,0.0,1.8,1320.0,0.0,1320.0,2.6655137000000004,0.98767405,4548.0953,24730688.0,303.15,111.0,0.0,0.040155785,0.0050100449,0.0,0.014206057,0.0,303.15,0.0,0.03987,61900.208,170664.0,1448.9932,0.0,1270.9961,2.6657182,-303.15,sandstone
4575.0,1320.0,2013-12-01 05:30:06,0.0,25911.205,0.0,1.8,1320.0,0.0,1320.0,2.6625601000000003,0.98767405,4553.8125,23104678.0,303.15,111.0,0.0,0.0409789,0.008006491999999999,0.0,0.01586892,0.0,303.15,0.0,0.03987,67958.211,171394.0,1449.0999,0.0,1275.9979,2.6628503,-303.15,sandstone
4580.0,1320.0,2013-12-01 06:06:38,0.0,24832.895,0.0,1.8,1320.0,0.0,1320.0,2.6664376,0.98767405,4566.3778,24135120.0,303.15,111.0,0.0,0.040153912,0.0047626058,0.0,0.013861942,0.0,303.15,0.0,0.03987,60706.944,172476.0,1449.2163,0.0,1280.9979,2.6664983,-303.15,sandstone
4585.0,1320.0,2013-12-01 06:23:13,0.0,26444.932,0.0,1.8,1320.0,0.0,1320.0,2.5878111,0.98767405,4572.4953,24870617.0,303.15,111.0,0.0,0.041101114,0.0072365141,0.0,0.0056335035,0.0,303.15,0.0,0.03987,51917.318,173164.0,1449.4197,0.0,1285.995,2.58812,-303.15,sandstone
4590.0,1320.0,2013-12-01 06:35:10,0.0,26439.605,0.0,1.8,1320.0,0.0,1320.0,2.6634645,0.98767405,4577.8482,24766876.0,303.15,111.0,0.0,0.041906992,0.007503269,0.0,0.0049448565,0.0,303.15,0.0,0.03987,34108.023,173850.0,1449.5438,0.0,1290.9901,2.663582,-303.15,sandstone
4595.0,1320.0,2013-12-01 06:46:42,0.0,27382.279,0.0,1.8,1320.0,0.0,1320.0,2.6636283,0.98767405,4579.474,24820931.0,303.15,111.0,0.0,0.04159024,0.0072456453,0.0,0.0045187119,0.0,303.15,0.0,0.03987,40448.271,174542.0,1449.6693,0.0,1295.9961,2.6634341,-303.15,sandstone
4600.0,1320.0,2013-12-01 06:58:12,0.0,27414.084,0.0,1.8,1320.0,0.0,1320.0,2.6593425,0.98767405,4579.6226,24938698.0,303.15,111.0,0.0,0.040707339,0.0072380316,0.0,0.0035618255,0.0,303.15,0.0,0.03987,50688.245,175232.0,1449.7949,0.0,1300.9874,2.6593381000000003,-303.15,sandstone
4605.0,1320.0,2013-12-01 07:09:56,0.0,25849.479,0.0,1.8,1320.0,0.0,1320.0,2.6641607999999994,0.98767405,4582.4578,25030308.0,303.15,111.0,0.0,0.040525058,0.0066520682,0.0,0.0041812935,0.0,303.15,0.0,0.03987,56547.429,175936.0,1449.9222,0.0,1305.9934,2.664131,-303.15,sandstone
4610.0,1320.0,2013-12-01 07:22:26,0.0,26276.064,0.0,1.8,1320.0,0.0,1320.0,2.8802727000000004,0.98767405,4587.7440000000015,25319853.0,303.15,111.0,0.0,0.040530754,0.0066671226,0.0,0.013377118,0.0,303.15,0.0,0.03987,66164.484,176686.0,1450.0514,0.0,1310.99,2.8804172,-303.15,sandstone
4615.0,1320.0,2013-12-01 07:34:58,0.0,25796.549,0.0,1.8,1320.0,0.0,1320.0,2.9990075000000003,0.98767405,4592.9794,25473925.0,303.15,111.0,0.0,0.04051694,0.0066597145,0.0,0.020402286,0.0,303.15,0.0,0.03987,74976.174,177438.0,1450.1806,0.0,1315.9996,2.9989951,-303.15,sandstone
4620.0,1320.0,2013-12-01 08:12:38,0.0,25493.92,0.0,1.8,1320.0,0.0,1320.0,3.0009164,0.98767405,4605.9348,25357962.0,303.15,111.0,0.0,0.040559535,0.0026524076,0.0,0.016698839,0.0,303.15,0.0,0.03987,80763.658,178429.0,1450.3096,0.0,1320.9948,3.0006907000000003,-303.15,sandstone
4625.0,1320.0,2013-12-01 08:24:10,0.0,26576.987,0.0,1.8121037,1320.0,0.0,1320.0,2.9975434,0.98767405,4610.5484,23973914.0,303.15,111.0,0.0,0.042061486,0.007227058499999999,0.0,0.0028058857,0.0,303.15,0.0,0.040138097000000005,66100.695,179121.0,1451.0333,0.0,1325.9919,2.9972093,-303.15,sandstone
4630.0,1320.0,2013-12-01 08:34:57,0.0,26286.342,0.0,1.8034031000000004,1320.0,0.0,1320.0,2.996923,0.98767405,4614.847,23910387.0,303.15,111.0,0.0,0.041470153,0.0082931863,0.0,0.0026447115000000003,0.0,303.15,0.0,0.039945379,42336.89900000001,179767.0,1450.7293,0.0,1330.995,2.9972079,-303.15,sandstone
4635.0,1320.0,2013-12-01 08:44:35,0.0,25788.76,0.0,1.8080201,1320.0,0.0,1320.0,2.9982204,0.98767405,4618.6288,24824892.0,303.15,111.0,0.0,0.041915832,0.0086562621,0.0,0.0029292627,0.0,303.15,0.0,0.040047645,53454.245,180345.0,1451.0906,0.0,1335.9951,2.9987425,-303.15,sandstone
4640.0,1320.0,2013-12-01 09:03:24,0.0,26380.035,0.0,1.8164852,1320.0,0.0,1320.0,2.9689324,0.98767405,4619.643,24885096.0,303.15,111.0,0.0,0.041341641,0.007875149100000001,0.0,0.0029165126,0.0,303.15,0.0,0.040235146,55877.43700000001,180934.0,1451.6456,0.0,1340.9541,2.9679515,-303.15,sandstone
4645.0,1320.0,2013-12-01 09:13:05,0.0,26845.068,0.0,1.7999875,1320.0,0.0,1320.0,2.663709,0.98767405,4622.7851,24469116.0,303.15,111.0,0.0,0.040801252,0.0083952735,0.0,0.0021938231,0.0,303.15,0.0,0.039869723,60337.383,181514.0,1450.9532,0.0,1345.9923,2.6638106,-303.15,sandstone
