WELL,PICKS,OBS,QLF,DEPTH,TVD,TVDSS,TWT,DIP,AZI,EASTING,NORTHING,INTRP
15/09/2011,Seabed,1,,113,113,-88,93.93,,,435410.8,6474001.6,STAT
15/09/2011,NORDLAND GP. Top,1,,586,586,-561,629.45,,,435409.4,6474001.9,STAT
15/09/2011,Utsira Fm. Top,1,,825,824.99,-799.99,869.89,,,435409.1,6474003.9,STAT
15/09/2011,HORDALAND GP. Top,1,,1099,1098.96,-1073.96,1126.03,,,435412.3,6474005.4,STAT
15/09/2011,Ty Fm. Top,1,,2387,2386.71,-2361.71,2298.79,3.18,19,435422.4,6473986.8,STAT
15/09/2011,SHETLAND GP. Top,1,,2527,2526.69,-2501.69,2390.55,,,435420.4,6473985.5,STAT
15/09/2011,Ekofisk Fm. Top,1,,2527,2526.69,-2501.69,2390.55,3.18,19,435420.4,6473985.5,STAT
15/09/2011,Hod Fm. Top,1,,2624,2623.68,-2598.68,2432.34,3.18,19,435418.7,6473985.6,STAT
15/09/2011,Draupne Fm. Top,1,,2752.5,2752.14,-2727.14,2495.99,3.18,19,435415.8,6473984.7,STAT
15/09/2011,Heather Fm. Top,1,,2776,2775.63,-2750.63,2511.07,3.18,19,435415.1,6473984.4,STAT
15/09/2011,Smith Bank Fm. Top,1,,2830.5,2830.11,-2805.11,2542.04,14,38,435413.9,6473984.1,STAT
15/09/2017,Seabed,1,,108,108,-86,,,,438602.7,6478951.2,STAT
15/09/2017,NORDLAND GP. Top,1,,568,567.98,-545.98,607.7,,,438601.7,6478954.2,STAT
15/09/2017,Utsira Fm. Top,1,,832,831.97,-809.97,858.26,,,438600.8,6478955.3,STAT
15/09/2017,HORDALAND GP. Top,1,,1045,1044.96,-1022.96,1063.67,,,438602,6478956.8,STAT
15/09/2017,Ty Fm. Top,1,,2381.23,2381.05,-2359.05,2285.96,,,438607.4,6478968.7,STAT
15/09/2017,SHETLAND GP. Top,1,,2486.5,2486.3,-2464.3,2353.33,,,438607.4,6478970.8,STAT
15/09/2017,Ekofisk Fm. Top,1,,2486.5,2486.3,-2464.3,2353.33,,,438607.4,6478970.8,STAT
15/09/2017,Hod Fm. Top,1,,2612,2611.79,-2589.79,2410.61,,,438606.4,6478972.4,STAT
15/09/2017,Draupne Fm. Top,1,,2712,2711.78,-2689.78,2464.53,,,438607.1,6478973.2,STAT
15/09/2017,Hugin Fm. VOLVE Top,1,,2715.25,2715.03,-2693.03,2466.33,,,438607.1,6478973.2,STAT
15/09/2017,Hugin Fm. VOLVE Base,1,,2717.5,2717.28,-2695.28,2467.71,,,438607.1,6478973.2,STAT
15/09/2017,Skagerrak Fm. Top,1,,2717.5,2717.28,-2695.28,2467.71,,,438607.1,6478973.2,STAT
15/09/2017,Smith Bank Fm. Top,1,,2870.79,2870.56,-2848.56,2563.1,,,438608.1,6478973.8,STAT
15/9-19 A,Seabed,1,NL,106,106,-81,109.55,,,437506,6477887.5,STAT
15/9-19 A,NORDLAND GP. Top,1,NL,106,106,-81,109.55,,,437506,6477887.5,STAT
15/9-19 A,Utsira Fm. Top,1,NL,847.8,839.71,-814.71,860.21,,,437449,6477904,STAT
15/9-19 A,HORDALAND GP. Top,1,NL,1107.5,1057.14,-1032.14,1073.19,,,437313.9,6477939.3,STAT
15/9-19 A,Ty Fm. Top,1,,3180.89,2455.14,-2430.14,2318.21,,,436106.7,6478464.4,STAT
15/9-19 A,SHETLAND GP. Top,1,,3313.42,2575.9,-2550.9,2393.69,,,436121.3,6478517,STAT
15/9-19 A,Ekofisk Fm. Top,1,,3313.42,2575.9,-2550.9,2393.69,,,436121.3,6478517,STAT
15/9-19 A,Hod Fm. Top,1,,3476.16,2723.64,-2698.64,2470.6,,,436137.4,6478583.3,STAT
15/9-19 A,Draupne Fm. Top,1,,3666.5,2898.76,-2873.76,2555.61,,,436153.7,6478655.9,STAT
15/9-19 A,Heather Fm. Top,1,,3767,2989.42,-2964.42,2619.41,,,436174.4,6478693.8,STAT
15/9-19 A,Heather Fm. Sand VOLVE Top,1,,3797,3016.12,-2991.12,2634.66,,,436182,6478705.2,STAT
15/9-19 A,Hugin Fm. VOLVE Top,1,,3821.5,3037.99,-3012.99,2646.3,15,45,436188.3,6478714.3,STAT
15/9-19 A,Hugin Fm. VOLVE Base,1,,3919.59,3126.4,-3101.4,2694.04,,,436212,6478749.5,STAT
15/9-19 A,Sleipner Fm. Top,1,,3919.59,3126.4,-3101.4,2694.04,,,436212,6478749.5,STAT
15/9-19 A,Skagerrak Fm. Top,1,,3966.3,3168.47,-3143.47,2715.13,,,436223.3,6478766.4,STAT
15/9-19 A,Smith Bank Fm. Top,1,,4097,3287.23,-3262.23,2774.01,,,436251.7,6478812.9,STAT
15/9-19 B,NORDLAND GP. Top,1,,109,109,-84,,,,437510,6477882.5,STAT
15/9-19 B,Utsira Fm. Top,1,,851,842.65,-817.65,,,,437451.9,6477899.3,STAT
15/9-19 B,HORDALAND GP. Top,1,,1112,1060.4,-1035.4,,,,437315.1,6477934.9,STAT
15/9-19 B,Ty Fm. Top,1,,3209,2458.82,-2433.82,,,,436225.1,6477899.6,STAT
15/9-19 BT2,Seabed,1,NL,106,106,-81,110.57,,,437506,6477887.5,STAT
15/9-19 BT2,NORDLAND GP. Top,1,NL,106,106,-81,110.57,,,437506,6477887.5,STAT
15/9-19 BT2,Utsira Fm. Top,1,NL,847.8,839.71,-814.71,887.01,,,437449,6477904,STAT
15/9-19 BT2,HORDALAND GP. Top,1,NL,1107.5,1057.14,-1032.14,1097.36,,,437313.9,6477939.3,STAT
15/9-19 BT2,Ty Fm. Top,1,,3212.83,2462.65,-2437.65,2341.22,,,436230.4,6477908.4,STAT
15/9-19 BT2,SHETLAND GP. Top,1,,3375.81,2602.51,-2577.51,2424.52,,,436265.4,6477832.6,STAT
15/9-19 BT2,Ekofisk Fm. Top,1,,3375.81,2602.51,-2577.51,2424.52,,,436265.4,6477832.6,STAT
15/9-19 BT2,Hod Fm. Top,1,,3557,2753.1,-2728.1,2494.41,,,436317,6477746.4,STAT
15/9-19 BT2,Draupne Fm. Top,1,,3768,2933.61,-2908.61,2588.82,,,436362.6,6477648,STAT
15/9-19 BT2,Heather Fm. Top,1,,3946,3092.81,-3067.81,2700.47,,,436392.9,6477574.4,STAT
15/9-19 BT2,Heather Fm. Sand VOLVE Top,1,,3994,3136.09,-3111.09,2726.41,,,436401.3,6477555.4,STAT
15/9-19 BT2,Hugin Fm. VOLVE Top,1,,4035.8,3173.92,-3148.92,2744.73,17,280,436408.4,6477539.1,STAT
15/9-19 BT2,Hugin Fm. VOLVE Base,1,,4178.59,3299.68,-3274.68,2806.44,,,436437.4,6477478.2,STAT
15/9-19 BT2,Sleipner Fm. Top,1,,4178.59,3299.68,-3274.68,2806.44,,,436437.4,6477478.2,STAT
15/9-19 BT2,Smith Bank Fm. Top,1,,4214,3329.97,-3304.97,2822.29,,,436445.6,6477461.8,STAT
15/9-19 SR,Seabed,1,,106,106,-81,81.08,,,437506,6477887.5,STAT
15/9-19 SR,NORDLAND GP. Top,1,,106,106,-81,81.08,,,437506,6477887.5,STAT
15/9-19 SR,Utsira Fm. Top,1,,847.8,839.71,-814.71,788.39,,,437449,6477904,STAT
15/9-19 SR,HORDALAND GP. Top,1,,1107.5,1057.14,-1032.14,998,,,437313.9,6477939.3,STAT
15/9-19 SR,Ty Fm. Top,1,,3614,2423,-2398,2307.81,,,435274.3,6478409.5,STAT
15/9-19 SR,SHETLAND GP. Top,1,,3827,2550.56,-2525.56,2386.2,1.27,3,435104.5,6478421.6,STAT
15/9-19 SR,Ekofisk Fm. Top,1,,3827,2550.56,-2525.56,2386.2,1.27,3,435104.5,6478421.6,STAT
15/9-19 SR,Hod Fm. Top,1,,4052.14,2696.3,-2671.3,2451.28,,,434933,6478418.7,STAT
15/9-19 SR,Draupne Fm. Top,1,,4304,2877.03,-2852.03,2548.48,1.27,3,434758,6478414.8,STAT
15/9-19 SR,Heather Fm. Top,1,,4309.5,2881.24,-2856.24,2551.61,1.27,3,434754.4,6478414.7,STAT
15/9-19 SR,Heather Fm. Sand VOLVE Top,1,,4314.8,2885.29,-2860.29,2554.82,,,434751,6478414.5,STAT
15/9-19 SR,Hugin Fm. VOLVE Top,1,,4316.25,2886.41,-2861.41,2555.47,,,434750.1,6478414.5,STAT
15/9-19 SR,Hugin Fm. VOLVE Base,1,,4340,2904.66,-2879.66,2566.01,,,434734.9,6478413.8,STAT
15/9-19 SR,Skagerrak Fm. Top,1,,4340,2904.66,-2879.66,2566.01,1.27,3,434734.9,6478413.8,STAT
15/9-19 SR,Smith Bank Fm. Top,1,,4579,3086.39,-3061.39,2659.53,1.27,3,434580.1,6478403.2,STAT
15/09/2004,Seabed,1,,127,127,-102,138.02,,,428999,6474041.9,STAT
15/09/2004,Utsira Fm. Top,1,,846,845.98,-820.98,889.56,,,429001.2,6474045.7,STAT
15/09/2004,HORDALAND GP. Top,1,,1112,1111.97,-1086.97,1158.87,,,429002,6474048,STAT
15/09/2004,SHETLAND GP. Top,1,,2778,2777.73,-2752.73,2560.14,,,428984.2,6474061.9,STAT
15/09/2004,Ekofisk Fm. Top,1,,2778,2777.73,-2752.73,2560.14,,,428984.2,6474061.9,STAT
15/09/2004,Hod Fm. Top,1,,2887,2886.73,-2861.73,2604.77,,,428984.4,6474061.5,STAT
15/09/2004,Draupne Fm. Top,1,,3274,3273.72,-3248.72,2792.81,,,428985.1,6474059.7,STAT
15/09/2004,Heather Fm. Top,1,,3421,3420.72,-3395.72,2900.07,,,428985,6474058.9,STAT
15/09/2004,Sleipner Fm. Top,1,,3580.3,3580,-3555,2986.85,7.97,253.53,428983.3,6474058.1,STAT
15/09/2004,Skagerrak Fm. Top,1,,3606,3605.7,-3580.7,2999.83,,,428982.7,6474058,STAT
15/09/2004,Smith Bank Fm. Top,1,,3635.34,3635.03,-3610.03,3014.75,,,428982,6474057.8,STAT
15/09/2008,Seabed,1,,128,128,-103,139.38,,,428335.9,6472060.1,STAT
15/09/2008,Utsira Fm. Top,1,,863,862.92,-837.92,927.1,,,428331.6,6472069.2,STAT
15/09/2008,HORDALAND GP. Top,1,,1176,1175.88,-1150.88,1233.4,,,428329.3,6472073.3,STAT
15/09/2008,SHETLAND GP. Top,1,,2788,2787.56,-2762.56,2555.9,,,428328.7,6472096.6,STAT
15/09/2008,Ekofisk Fm. Top,1,,2788,2787.56,-2762.56,2555.9,,,428328.7,6472096.6,STAT
15/09/2008,Hod Fm. Top,1,,3000,2999.54,-2974.54,2646.46,,,428326.8,6472098.5,STAT
15/09/2008,Draupne Fm. Top,1,,3290,3289.52,-3264.52,2792.61,,,428324.6,6472099.1,STAT
15/09/2008,Heather Fm. Top,1,,3427,3426.51,-3401.51,2890.25,,,428324.4,6472097.6,STAT
15/09/2008,Sleipner Fm. Top,1,,3585.9,3585.39,-3560.39,2980.81,6.32,44.31,428322.6,6472096,STAT
15/09/2008,Skagerrak Fm. Top,1,,3625,3624.49,-3599.49,3005.11,,,428322.1,6472095.7,STAT
15/09/2008,Smith Bank Fm. Top,1,,3676.03,3675.51,-3650.51,3029.91,,,428321.5,6472095.2,STAT
15/9-A-15,Seabed,1,,160,159.96,-81.96,115.74,,,436138.3,6470280.1,STAT
15/9-A-15,Ty Fm. Top,1,,3661.42,2416.06,-2338.06,2288.43,,,436280.1,6472637.8,STAT
15/9-A-15,SHETLAND GP. Top,1,,3789.5,2506.17,-2428.17,2352.55,,,436282,6472728.8,STAT
15/9-A-15,Hod Fm. Top,1,,3954,2621.46,-2543.46,2400.64,2.25,67,436283.7,6472846.2,STAT
15/9-A-15,Draupne Fm. Top,1,,4083,2714.91,-2636.91,2445.76,2.25,67,436285,6472935,STAT
15/9-A-15,Smith Bank Fm. Top,1,,4165,2776.64,-2698.64,2483.59,2,50,436286.2,6472989,STAT
15/9-B-6,Seabed,1,,156,156,-108,99.42,,,425095.5,6476105.5,STAT
15/9-B-6,Utsira Fm. Top,1,,873.5,865.57,-817.57,752.93,,,425104.6,6476170.7,STAT
15/9-B-6,HORDALAND GP. Top,1,,2287.5,1954.45,-1906.45,1755.69,,,424989.6,6477054.9,STAT
15/9-B-6,SHETLAND GP. Top,1,,3370.45,2775.67,-2727.67,2494.99,,,424892.5,6477753.6,STAT
15/9-B-6,Ekofisk Fm. Top,1,,3370.45,2775.67,-2727.67,2494.99,,,424892.5,6477753.6,STAT
15/9-B-6,Hod Fm. Top,1,,3656.06,3017.08,-2969.08,2603.14,,,424870.8,6477904,STAT
15/9-B-6,Draupne Fm. Top,1,,4111.5,3445.88,-3397.88,2821.63,,,424845.2,6478049.3,STAT
15/9-B-6,Heather Fm. Top,1,,4186,3519.33,-3471.33,2863.55,,,424843.7,6478061.6,STAT
15/9-B-6,Sleipner Fm. Top,1,,4381.09,3711.57,-3663.57,,,129.68,424839.2,6478094.5,STAT
15/9-B-6,Skagerrak Fm. Top,1,,4434.25,3763.94,-3715.94,,,,424837.8,6478103.6,STAT
15/9-B-6,Smith Bank Fm. Top,1,,4454.75,3784.15,-3736.15,,,,424837.3,6478107,STAT
15/9-C-2 AH,Seabed,1,,109,109,-84,102.13,,,437498.9,6477889.5,STAT
15/9-C-2 AH,Utsira Fm. Top,1,,860,841.43,-816.43,885.8,,,437573.3,6477981.9,STAT
15/9-C-2 AH,Ty Fm. Top,1,,2789,2390.08,-2365.08,2291.45,,,438325.8,6478830.5,STAT
15/9-C-2 AH,SHETLAND GP. Top,1,,2901,2501.05,-2476.05,2359.51,,,438332.4,6478843.5,STAT
15/9-C-2 AH,Ekofisk Fm. Top,1,,2901,2501.05,-2476.05,2359.51,,,438332.4,6478843.5,STAT
15/9-C-2 AH,Hod Fm. Top,1,,3032,2631.19,-2606.19,2421.55,,,438321.9,6478843.7,STAT
15/9-C-2 AH,Draupne Fm. Top,1,,3184,2772.69,-2747.69,2490.15,,,438285.7,6478804.6,STAT
15/9-C-2 AH,Skagerrak Fm. Top,1,,3265,2842.76,-2817.76,2535.49,,,438256.8,6478776.1,STAT
15/9-C-2 AH,Smith Bank Fm. Top,1,,3401.37,2961.26,-2936.26,2606.07,,,438208.2,6478729.3,STAT
15/9-C-2 AHT2,Seabed,1,,109,109,-84,102.13,,,437498.9,6477889.5,STAT
15/9-C-2 AHT2,Ty Fm. Top,1,,2786.34,2387.47,-2362.47,2289.85,,,438325.5,6478830,STAT
15/9-C-2 AHT2,SHETLAND GP. Top,1,,2902,2502.04,-2477.04,2360.12,,,438332.4,6478843.6,STAT
15/9-C-2 AHT2,Ekofisk Fm. Top,1,,2902,2502.04,-2477.04,2360.12,,,438332.4,6478843.6,STAT
15/9-C-2 AHT2,Hod Fm. Top,1,,3032,2631.19,-2606.19,2421.55,,,438321.9,6478843.7,STAT
15/9-C-2 AHT2,Draupne Fm. Top,1,,3176,2767.09,-2742.09,2486.53,,,438294.4,6478807,STAT
15/9-C-2 H,Seabed,1,,106,106,-81,84.63,,,437498.9,6477889.5,STAT
15/9-C-2 H,NORDLAND GP. Top,1,,860,841.43,-816.43,871.8,,,437573.3,6477981.9,STAT
15/9-C-2 H,Utsira Fm. Top,1,,860,841.43,-816.43,871.8,,,437573.3,6477981.9,STAT
15/9-C-2 H,HORDALAND GP. Top,1,,1122,1052.4,-1027.4,1074.98,,,437680,6478094.2,STAT
15/9-C-2 H,Ty Fm. Top,1,,2808,2381.56,-2356.56,2272.22,,,438367.7,6478868.9,STAT
15/9-C-2 H,SHETLAND GP. Top,1,,2948.5,2492.89,-2467.89,2340.51,,,438428.3,6478929.5,STAT
15/9-F-1,Seabed,1,,146,146,-91.1,,,,435046.5,6478566.7,STAT
15/9-F-1,NORDLAND GP. Top,1,,146,146,-91.1,,,,435046.5,6478566.7,STAT
15/9-F-1,Utsira Fm. Top,1,,886.5,882.57,-827.67,,,,435002,6478606.3,STAT
15/9-F-1,HORDALAND GP. Top,1,,1069.3,1062.75,-1007.85,1065.87,,,434981.3,6478629,STAT
15/9-F-1,Ty Fm. Top,1,,2620.6,2473.22,-2418.32,2319.74,,,435234.2,6479116.3,STAT
15/9-F-1,SHETLAND GP. Top,1,,2768.9,2605.39,-2550.49,2407.67,,,435250.3,6479180.7,STAT
15/9-F-1,Ekofisk Fm. Top,1,,2768.9,2605.39,-2550.49,2407.67,,,435250.3,6479180.7,STAT
15/9-F-1,Hod Fm. Top,1,,2978.8,2789.4,-2734.5,2490.88,,,435213.7,6479272.4,STAT
15/9-F-1,Draupne Fm. Top,1,,3271,3006.68,-2951.78,2620.42,,,435057.8,6479386.1,STAT
15/9-F-1,Heather Fm. Top,1,,3319.7,3045.61,-2990.71,2641.43,,,435033.1,6479401.6,STAT
15/9-F-1,Heather Fm. Sand VOLVE Top,1,,3320,3045.86,-2990.96,2641.58,,,435032.9,6479401.7,STAT
15/9-F-1,Skagerrak Fm. Top,1,FP,3365,3083.88,-3028.98,2664.72,,,435012.7,6479414.7,STAT
15/9-F-1,Smith Bank Fm. Top,1,,3500.9,3207.97,-3153.07,2743.66,,,434966.6,6479444.5,STAT
15/9-F-1 A,NORDLAND GP. Top,1,NL,146,146,-91.1,99.57,,,435046.5,6478566.7,STAT
15/9-F-1 A,Seabed,1,NL,146,146,-91.1,99.57,,,435046.5,6478566.7,STAT
15/9-F-1 A,Utsira Fm. Top,1,NL,886.5,882.57,-827.67,904.63,,,435002,6478606.3,STAT
15/9-F-1 A,HORDALAND GP. Top,1,NL,1069.3,1062.75,-1007.85,1065.85,,,434981.3,6478629,STAT
15/9-F-1 A,Ty Fm. Top,1,,2621.5,2473.58,-2418.68,2319.64,,,435235.4,6479117.1,STAT
15/9-F-1 A,SHETLAND GP. Top,1,,2770.6,2605.72,-2550.82,2408.07,,,435246.7,6479184.3,STAT
15/9-F-1 A,Ekofisk Fm. Top,1,,2770.6,2605.72,-2550.82,2408.07,,,435246.7,6479184.3,STAT
15/9-F-1 A,Hod Fm. Top,1,,2987,2788.35,-2733.45,2490.09,,,435184.4,6479277.3,STAT
15/9-F-1 A,Draupne Fm. Top,1,,3358,3008.71,-2953.81,2627.65,,,434910.6,6479378.5,STAT
15/9-F-1 A,Heather Fm. Sand VOLVE Top,1,,3429.4,3058.11,-3003.21,2675.03,,,434861,6479392.2,STAT
15/9-F-1 A,Heather Fm. Top,1,,3429.4,3058.11,-3003.21,2675.03,,,434861,6479392.2,STAT
15/9-F-1 A,Hugin Fm. VOLVE Top,1,,3435,3062.14,-3007.24,2677.34,,,434857.2,6479393.2,STAT
15/9-F-1 A,Sleipner Fm. Top,1,,3500.2,3109.12,-3054.22,2702.9,,,434813.3,6479403.8,STAT
15/9-F-1 A,Skagerrak Fm. Top,1,,3543.7,3140.36,-3085.46,2718.06,,,434783.8,6479410.7,STAT
15/9-F-1 A,Smith Bank Fm. Top,1,,3608,3186.53,-3131.63,2742.03,,,434740.3,6479421.2,STAT
15/9-F-1 B,NORDLAND GP. Top,1,NL,146,146,-91.1,87.2,,,435046.5,6478566.7,STAT
15/9-F-1 B,Seabed,1,NL,146,146,-91.1,87.2,,,435046.5,6478566.7,STAT
15/9-F-1 B,Utsira Fm. Top,1,NL,886.5,882.57,-827.67,792.22,,,435002,6478606.3,STAT
15/9-F-1 B,HORDALAND GP. Top,1,NL,1069.3,1062.75,-1007.85,964.68,,,434981.3,6478629,STAT
15/9-F-1 B,Ty Fm. Top,1,,2619.7,2472.15,-2417.25,2313.71,,,435236.1,6479115.3,STAT
15/9-F-1 B,SHETLAND GP. Top,1,,2771,2607.34,-2552.44,2403.68,,,435284.3,6479162.6,STAT
15/9-F-1 B,Ekofisk Fm. Top,1,,2771,2607.34,-2552.44,2403.68,,,435284.3,6479162.6,STAT
15/9-F-1 B,Hod Fm. Top,1,,2952.5,2770.76,-2715.86,2476.24,,,435349.1,6479207.6,STAT
15/9-F-1 B,Draupne Fm. Top,1,,3168.4,2968.08,-2913.18,2577.13,,,435418.2,6479260.9,STAT
15/9-F-1 B,Heather Fm. Top,1,,3229.4,3026.36,-2971.46,2620.73,,,435430.6,6479273.7,STAT
15/9-F-1 B,Heather Fm. Sand VOLVE Top,1,,3237.35,3034.05,-2979.15,2626.49,,,435432,6479275.2,STAT
15/9-F-1 B,Hugin Fm. VOLVE Top,1,,3245.4,3041.84,-2986.94,2632.32,,,435433.3,6479276.7,STAT
15/9-F-1 B,Hugin Fm. VOLVE Base,1,FP,3304.2,3099.65,-3044.75,,,,435441.1,6479283.6,STAT
15/9-F-1 B,Sleipner Fm. Top,1,FP,3304.2,3099.65,-3044.75,,,,435441.1,6479283.6,STAT
15/9-F-1 C,NORDLAND GP. Top,1,NL,146,146,-91.1,87.2,,,435046.5,6478566.7,STAT
15/9-F-1 C,Seabed,1,NL,146,146,-91.1,87.2,,,435046.5,6478566.7,STAT
15/9-F-1 C,Utsira Fm. Top,1,NL,886.5,882.57,-827.67,792.22,,,435002,6478606.3,STAT
15/9-F-1 C,HORDALAND GP. Top,1,NL,1069.3,1062.75,-1007.85,964.68,,,434981.3,6478629,STAT
15/9-F-1 C,Ty Fm. Top,1,,2541.4,2478.25,-2423.35,2319.55,,,434701.4,6478559.6,STAT
15/9-F-1 C,SHETLAND GP. Top,1,,2668.1,2595.7,-2540.8,2396.23,,,434728.7,6478597.9,STAT
15/9-F-1 C,Ekofisk Fm. Top,1,,2668.1,2595.7,-2540.8,2396.23,,,434728.7,6478597.9,STAT
15/9-F-1 C,Hod Fm. Top,1,,2876.9,2763.78,-2708.88,2472.23,,,434802.8,6478695.2,STAT
15/9-F-1 C,Draupne Fm. Top,1,,3205,2932.96,-2878.06,2555.13,,,434980.8,6478907.8,STAT
15/9-F-1 C,Heather Fm. Top,1,,3223.1,2938.05,-2883.15,2557.63,,,434992.2,6478920.9,STAT
15/9-F-1 C,Hugin Fm. VOLVE Top,1,FP,3229.5,2939.42,-2884.52,2558.29,,,434996.3,6478925.7,STAT
15/9-F-1 C,Hugin Fm. VOLVE Base,1,FP,3504,2982.54,-2927.64,2586.59,,,435170.7,6479132.9,STAT
15/9-F-1 C,Hugin Fm. VOLVE Base,2,FP,3853.7,3095.13,-3040.23,2667.25,,,435399.9,6479369.9,STAT
15/9-F-1 C,Hugin Fm. VOLVE Top,3,FP,3853.7,3095.13,-3040.23,2667.25,,,435399.9,6479369.9,STAT
15/9-F-1 C,Hugin Fm. VOLVE Base,3,FP,4003.9,3148.35,-3093.45,2706.85,,,435514,6479451.7,STAT
15/9-F-1 C,Heather Fm. Top,2,FP,4003.9,3148.35,-3093.45,2706.85,,,435514,6479451.7,STAT
15/9-F-10,Seabed,1,,146,146,-91.1,97.63,,,435052.3,6478559.6,STAT
15/9-F-10,NORDLAND GP. Top,1,,146,146,-91.1,97.63,,,435052.3,6478559.6,STAT
15/9-F-10,Utsira Fm. Top,1,,904.82,889.99,-835.09,894.99,,,435149.7,6478498.6,STAT
15/9-F-10,HORDALAND GP. Top,1,,1089.4,1063.93,-1009.03,1060.99,,,435204,6478469.6,STAT
15/9-F-10,Ty Fm. Top,1,,2898.61,2484.6,-2429.7,2338.5,,,436107.6,6477873.7,STAT
15/9-F-10,SHETLAND GP. Top,1,,3265.66,2628.86,-2573.96,2439.97,,,436392.7,6477699.9,STAT
15/9-F-10,Ekofisk Fm. Top,1,,3265.66,2628.86,-2573.96,2439.97,,,436392.7,6477699.9,STAT
15/9-F-10,Hod Fm. Top,1,,4810,2753.77,-2698.87,2495.86,,,437653.4,6476827.3,STAT
15/9-F-10,Draupne Fm. Top,1,,5056,2857.35,-2802.45,,,,437822.3,6476685.5,STAT
15/9-F-10,Heather Fm. Top,1,,5165.94,2921.16,-2866.26,,,,437888.9,6476625.7,STAT
15/9-F-10,Sleipner Fm. Top,1,,5260.81,2976.23,-2921.33,,,,437947.1,6476574.9,STAT
15/9-F-10,Smith Bank Fm. Top,1,,5270.31,2981.77,-2926.87,,,,437953,6476569.9,STAT
15/9-F-11,Seabed,1,,146,146,-91.1,,,,435049.1,6478568.2,STAT
15/9-F-11,NORDLAND GP. Top,1,,146,146,-91.1,,,,435049.1,6478568.2,STAT
15/9-F-11 A,NORDLAND GP. Top,1,NL,146,146,-91.1,,,,435049.1,6478568.2,STAT
15/9-F-11 A,Seabed,1,NL,146,146,-91.1,,,,435049.1,6478568.2,STAT
15/9-F-11 A,Utsira Fm. Top,1,NL,884.84,882.08,-827.18,,,,435011.5,6478561.8,STAT
15/9-F-11 A,HORDALAND GP. Top,1,NL,1070.7,1064.66,-1009.76,,,,434977,6478560.6,STAT
15/9-F-11 A,Ty Fm. Top,1,,2624,2483.37,-2428.47,,,,434731.3,6478616.7,STAT
15/9-F-11 A,SHETLAND GP. Top,1,,2794.5,2609.18,-2554.28,2407.12,,,434823.5,6478683.9,STAT
15/9-F-11 A,Ekofisk Fm. Top,1,,2794.5,2609.18,-2554.28,2407.12,,,434823.5,6478683.9,STAT
15/9-F-11 A,Hod Fm. Top,1,,3118,2743.01,-2688.11,2466.3,,,435029.6,6478887.5,STAT
15/9-F-11 A,Draupne Fm. Top,1,,3525.8,2945.79,-2890.89,2555.95,,,435252.1,6479150.9,STAT
15/9-F-11 A,Heather Fm. Top,1,,3574.9,2983.1,-2928.2,2582.93,,,435272,6479175.8,STAT
15/9-F-11 A,Heather Fm. Sand VOLVE Top,1,,3585.2,2990.99,-2936.09,2588.64,,,435276.2,6479180.9,STAT
15/9-F-11 A,Hugin Fm. VOLVE Top,1,,3594.6,2998.19,-2943.29,2593.85,,,435280,6479185.6,STAT
15/9-F-11 A,Hugin Fm. VOLVE Base,1,,3702,3080.49,-3025.59,,,,435323.4,6479239.3,STAT
15/9-F-11 A,Sleipner Fm. Top,1,,3702,3080.49,-3025.59,,,,435323.4,6479239.3,STAT
15/9-F-11 B,NORDLAND GP. Top,1,NL,146,146,-91.1,,,,435049.1,6478568.2,STAT
15/9-F-11 B,Seabed,1,NL,146,146,-91.1,,,,435049.1,6478568.2,STAT
15/9-F-11 B,Utsira Fm. Top,1,NL,884.84,882.08,-827.18,,,,435011.5,6478561.8,STAT
15/9-F-11 B,HORDALAND GP. Top,1,NL,1070.7,1064.66,-1009.76,,,,434977,6478560.6,STAT
15/9-F-11 B,Ty Fm. Top,1,,2623.19,2481.83,-2426.93,2326.45,,,434733.4,6478613.2,STAT
15/9-F-11 B,SHETLAND GP. Top,1,,2787.55,2590.01,-2535.11,2367.21,,,434852.9,6478641,STAT
15/9-F-11 B,Ekofisk Fm. Top,1,,2787.55,2590.01,-2535.11,2367.21,,,434852.9,6478641,STAT
15/9-F-11 B,Hod Fm. Top,1,,3090.83,2733.36,-2678.46,2442.43,,,435115.5,6478679.2,STAT
15/9-F-11 B,Draupne Fm. Top,1,FO,3350.98,2846.42,-2791.52,2506.95,,,435337.3,6478611.6,STAT
15/9-F-11 B,Heather Fm. Top,1,,3350.98,2846.42,-2791.52,2506.95,,,435337.3,6478611.6,STAT
15/9-F-11 B,Heather Fm. Sand VOLVE Top,1,,3395.4,2861.07,-2806.17,2515.9,,,435374.3,6478591.8,STAT
15/9-F-11 B,Heather Fm. Sand VOLVE Top,2,,3438.4,2874.75,-2819.85,2524.56,,,435409,6478570.5,STAT
15/9-F-11 B,Hugin Fm. VOLVE Top,1,,3467.47,2883.99,-2829.09,2530.42,,,435431.3,6478554.3,STAT
15/9-F-11 B,Hugin Fm. VOLVE Base,1,NR,3539,2904.4,-2849.5,2539.11,,,435486.1,6478513.3,STAT
15/9-F-11 B,Hugin Fm. VOLVE Base,2,NR,3539,2904.4,-2849.5,2539.11,,,435486.1,6478513.3,STAT
15/9-F-11 B,Hugin Fm. VOLVE Top,2,FP,3809.5,2925.5,-2870.6,2561.93,,,435718.3,6478378.5,STAT
15/9-F-11 B,Heather Fm. Top,2,NR,3869,2927.93,-2873.03,2566.95,,,435771.6,6478352.2,STAT
15/9-F-11 B,Heather Fm. Top,3,NR,3869,2927.93,-2873.03,2566.95,,,435771.6,6478352.2,STAT
15/9-F-11 B,Hugin Fm. VOLVE Top,3,,3894,2930.1,-2875.2,2569.06,,,435794.4,6478342.4,STAT
15/9-F-11 B,Hugin Fm. VOLVE Base,3,NR,3900,2930.8,-2875.9,2569.56,,,435800,6478340.3,STAT
15/9-F-11 B,Hugin Fm. VOLVE Base,4,NR,3900,2930.8,-2875.9,2569.56,,,435800,6478340.3,STAT
15/9-F-11 B,Hugin Fm. VOLVE Top,4,FP,3934,2935.11,-2880.21,2572.43,,,435831.7,6478329,STAT
15/9-F-11 B,Heather Fm. Top,4,NR,3950,2937.52,-2882.62,2573.78,,,435846.9,6478324.4,STAT
15/9-F-11 B,Heather Fm. Top,5,NR,3950,2937.52,-2882.62,2573.78,,,435846.9,6478324.4,STAT
15/9-F-11 B,Hugin Fm. VOLVE Top,5,FP,3952,2937.82,-2882.92,2573.95,,,435848.8,6478323.8,STAT
15/9-F-11 B,Hugin Fm. VOLVE Base,5,NR,4108,2972.21,-2917.31,2596.89,,,435998,6478295.9,STAT
15/9-F-11 B,Hugin Fm. VOLVE Base,6,NR,4108,2972.21,-2917.31,2596.89,,,435998,6478295.9,STAT
15/9-F-11 B,Hugin Fm. VOLVE Top,6,FP,4374,3025.77,-2970.87,2643.41,,,436257.2,6478303.3,STAT
15/9-F-11 B,Heather Fm. Top,6,NR,4400,3033.39,-2978.49,2647.96,,,436281.5,6478308.3,STAT
15/9-F-11 B,Heather Fm. Top,7,NR,4400,3033.39,-2978.49,2647.96,,,436281.5,6478308.3,STAT
15/9-F-11 B,Hugin Fm. VOLVE Top,7,,4483.5,3065.64,-3010.74,2662.56,,,436356.3,6478326.2,STAT
15/9-F-11 B,Hugin Fm. VOLVE Base,7,,4732,3226.96,-3172.06,,,,436531,6478389.8,STAT
15/9-F-11 B,Sleipner Fm. Top,1,,4732,3226.96,-3172.06,,,,436531,6478389.8,STAT
15/9-F-11 T2,NORDLAND GP. Top,1,NL,146,146,-91.1,87.9,,,435049.1,6478568.2,STAT
15/9-F-11 T2,Seabed,1,NL,146,146,-91.1,87.9,,,435049.1,6478568.2,STAT
15/9-F-11 T2,Utsira Fm. Top,1,,884.8,882.05,-827.15,798.13,,,435011.5,6478561.8,STAT
15/9-F-11 T2,HORDALAND GP. Top,1,,1070.7,1064.66,-1009.76,974.34,,,434977,6478560.6,STAT
15/9-F-11 T2,Ty Fm. Top,1,,2624.3,2482.22,-2427.32,2329.65,,,434734.3,6478614.6,STAT
15/9-F-11 T2,SHETLAND GP. Top,1,,2822.9,2605.54,-2550.64,2402.58,,,434880.7,6478664.4,STAT
15/9-F-11 T2,Ekofisk Fm. Top,1,,2822.9,2605.54,-2550.64,2402.58,,,434880.7,6478664.4,STAT
15/9-F-11 T2,Hod Fm. Top,1,,3327.8,2731.31,-2676.41,2453.39,,,435335.2,6478830.3,STAT
15/9-F-11 T2,Draupne Fm. Top,1,,4146.4,3013.9,-2959,2602.54,,,436027.1,6479092.8,STAT
15/9-F-11 T2,Heather Fm. Top,1,,4334.7,3180.08,-3125.18,2724.14,,,436108.9,6479121.4,STAT
15/9-F-11 T2,Heather Fm. Sand VOLVE Top,1,,4377.1,3220.97,-3166.07,2748.24,,,436119.5,6479124.8,STAT
15/9-F-11 T2,Hugin Fm. VOLVE Top,1,,4393,3236.4,-3181.5,2756.8,,,436123.2,6479126,STAT
15/9-F-11 T2,Hugin Fm. VOLVE Base,1,,4497.4,3337.74,-3282.84,2806.94,,,436146.8,6479134.5,STAT
15/9-F-11 T2,Sleipner Fm. Top,1,,4497.4,3337.74,-3282.84,2806.94,,,436146.8,6479134.5,STAT
15/9-F-12,Seabed,1,,146,146,-91.1,,,,435050.2,6478566.2,STAT
15/9-F-12,NORDLAND GP. Top,1,,146,146,-91.1,,,,435050.2,6478566.2,STAT
15/9-F-12,Utsira Fm. Top,1,,887.5,882.82,-827.92,,,,435028.3,6478596.6,STAT
15/9-F-12,HORDALAND GP. Top,1,,1075.43,1064.78,-1009.88,,,,434981.7,6478592.6,STAT
15/9-F-12,Ty Fm. Top,1,,2539.5,2451.22,-2396.32,2295,,,434665.1,6478401.9,STAT
15/9-F-12,SHETLAND GP. Top,1,,2690.33,2586.3,-2531.4,2383.84,,,434720.4,6478365.6,STAT
15/9-F-12,Ekofisk Fm. Top,1,,2690.33,2586.3,-2531.4,2383.85,,,434720.4,6478365.6,STAT
15/9-F-12,Hod Fm. Top,1,,2886.61,2731.97,-2677.07,2449.74,,,434840.1,6478315.7,STAT
15/9-F-12,Draupne Fm. Top,1,ER,3102,2859.16,-2804.26,2508.95,,,435010,6478279.9,STAT
15/9-F-12,Heather Fm. Top,1,,3102,2859.16,-2804.26,2508.95,,,435010,6478279.9,STAT
15/9-F-12,Heather Fm. Sand VOLVE Top,1,,3117,2867.99,-2813.09,2513.95,,,435022,6478278.5,STAT
15/9-F-12,Hugin Fm. VOLVE Top,1,,3126,2873.29,-2818.39,2516.8,,,435029.3,6478277.7,STAT
15/9-F-12,Hugin Fm. VOLVE Base,1,,3280.34,2964.53,-2909.63,2572.4,,,435151.6,6478255.6,STAT
15/9-F-12,Sleipner Fm. Top,1,,3280.34,2964.53,-2909.63,2572.4,,,435151.6,6478255.6,STAT
15/9-F-12,Skagerrak Fm. Top,1,,3337.56,2998.57,-2943.67,2592.05,,,435195.8,6478243,STAT
15/9-F-12 pilot,NORDLAND GP. Top,1,,145,145,-90.1,113.26,,,435050.2,6478566.2,STAT
15/9-F-12 pilot,Utsira Fm. Top,1,,882.45,882.42,-827.52,900.57,,,435055.3,6478564.5,STAT
15/9-F-12 pilot,HORDALAND GP. Top,1,,1065.36,1065.33,-1010.43,1076.73,,,435057,6478564.4,STAT
15/9-F-14,Seabed,1,,146,146,-91.1,95.33,,,435052.4,6478562.3,STAT
15/9-F-14,NORDLAND GP. Top,1,,146,146,-91.1,95.33,,,435052.4,6478562.3,STAT
15/9-F-14,Utsira Fm. Top,1,,882.1,881.66,-826.76,865.15,,,435068.2,6478568.6,STAT
15/9-F-14,HORDALAND GP. Top,1,,1078.75,1078.3,-1023.4,1070.92,,,435068.4,6478567.6,STAT
15/9-F-14,Ty Fm. Top,1,,2472.78,2466.36,-2411.46,2304.23,,,435092.6,6478618.1,STAT
15/9-F-14,SHETLAND GP. Top,1,,2608,2589.25,-2534.35,2382.72,,,435134.7,6478653.7,STAT
15/9-F-14,Ekofisk Fm. Top,1,,2608,2589.25,-2534.35,2382.72,,,435134.7,6478653.7,STAT
15/9-F-14,Hod Fm. Top,1,,2772.7,2719.99,-2665.09,2453.18,,,435216.7,6478710.7,STAT
15/9-F-14,Draupne Fm. Top,1,,2978,2850.3,-2795.4,2515.26,,,435349.4,6478793.2,STAT
15/9-F-14,Heather Fm. Top,1,,2980,2851.24,-2796.34,2515.69,,,435350.9,6478794.1,STAT
15/9-F-14,Heather Fm. Sand VOLVE Top,1,,2991,2856.36,-2801.46,2518.11,,,435359.2,6478799.1,STAT
15/9-F-14,Hugin Fm. VOLVE Top,1,,3000.6,2860.36,-2805.46,2520.02,7.5,54,435367,6478803.1,STAT
15/9-F-14,Hugin Fm. VOLVE Base,1,,3208.3,2925.59,-2870.69,2554.95,,,435553.3,6478863.4,STAT
15/9-F-14,Sleipner Fm. Top,1,,3208.3,2925.59,-2870.69,2554.95,,,435553.3,6478863.4,STAT
15/9-F-14,Sleipner Fm. Top,2,FP,3286.78,2939.14,-2884.24,2563.69,,,435629.9,6478873.1,STAT
15/9-F-14,Hugin Fm. VOLVE Base,2,FP,3286.78,2939.14,-2884.24,2563.69,,,435629.9,6478873.1,STAT
15/9-F-14,Hugin Fm. VOLVE Top,2,NR,3375,2961.54,-2906.64,2579.24,,,435714.8,6478879.8,STAT
15/9-F-14,Hugin Fm. VOLVE Top,3,NR,3375,2961.54,-2906.64,2579.24,,,435714.8,6478879.8,STAT
15/9-F-14,Hugin Fm. VOLVE Base,3,FP,3480,2999.69,-2944.79,2605.39,,,435812.4,6478885.4,STAT
15/9-F-14,Hugin Fm. VOLVE Top,4,FP,3480,2999.69,-2944.79,2605.39,,,435812.4,6478885.4,STAT
15/9-F-14,Hugin Fm. VOLVE Base,4,,3680.2,3113.85,-3058.95,2670.62,,,435975.6,6478880,STAT
15/9-F-14,Sleipner Fm. Top,3,,3680.2,3113.85,-3058.95,2670.62,,,435975.6,6478880,STAT
15/9-F-15,Seabed,1,,146,146,-91.1,,,,435053.5,6478560.4,STAT
15/9-F-15,NORDLAND GP. Top,1,,146,146,-91.1,,,,435053.5,6478560.4,STAT
15/9-F-15,Utsira Fm. Top,1,,901.27,894.27,-839.37,,,,435058.1,6478481.8,STAT
15/9-F-15,HORDALAND GP. Top,1,,1088.82,1074.96,-1020.06,,,,435039.2,6478435.4,STAT
15/9-F-15,Ty Fm. Top,1,,2672.41,2459.68,-2404.78,2297.45,,,434570.5,6477875.5,STAT
15/9-F-15,SHETLAND GP. Top,1,,2989.88,2625.62,-2570.72,2400.74,,,434470.5,6477627,STAT
15/9-F-15,Ekofisk Fm. Top,1,,2989.88,2625.62,-2570.72,2400.74,,,434470.5,6477627,STAT
15/9-F-15,Hod Fm. Top,1,,3448.8,2809.05,-2754.15,2485.23,,,434305.9,6477240,STAT
15/9-F-15,Draupne Fm. Top,1,,3830,2992.22,-2937.32,2577.57,,,434188.1,6476929.3,STAT
15/9-F-15,Heather Fm. Top,1,,3878,3022.44,-2967.54,2600.91,,,434172.5,6476895.5,STAT
15/9-F-15,Heather Fm. Sand VOLVE Top,1,,3938,3062.37,-3007.47,2625.25,,,434150.8,6476856.3,STAT
15/9-F-15,Hugin Fm. VOLVE Base,1,,4062.72,3150.4,-3095.5,2672.74,,,434113,6476776.6,STAT
15/9-F-15,Sleipner Fm. Top,1,,4062.72,3150.4,-3095.5,2672.74,,,434113,6476776.6,STAT
15/9-F-15 A,NORDLAND GP. Top,1,NL,146,146,-91.1,94.93,,,435053.5,6478560.4,STAT
15/9-F-15 A,Seabed,1,NL,146,146,-91.1,94.93,,,435053.5,6478560.4,STAT
15/9-F-15 A,Utsira Fm. Top,1,NL,901.27,894.27,-839.37,874.63,,,435058.1,6478481.8,STAT
15/9-F-15 A,HORDALAND GP. Top,1,NL,1088.82,1074.96,-1020.06,1062.92,,,435039.2,6478435.4,STAT
15/9-F-15 A,Ty Fm. Top,1,,2608.55,2453.97,-2399.07,2306.28,,,434967.8,6477926.1,STAT
15/9-F-15 A,SHETLAND GP. Top,1,,2818.2,2603.61,-2548.71,2399.32,,,434835.6,6477865.3,STAT
15/9-F-15 A,Ekofisk Fm. Top,1,,2818.2,2603.61,-2548.71,2399.32,,,434835.6,6477865.3,STAT
15/9-F-15 A,Hod Fm. Top,1,,3042.43,2745.02,-2690.12,2470.57,,,434667.1,6477825.8,STAT
15/9-F-15 A,Draupne Fm. Top,1,,3780.8,2989.48,-2934.58,2580.64,,,434000.1,6477946.1,STAT
15/9-F-15 A,Hugin Fm. VOLVE Top,1,,3799.43,3000.69,-2945.79,2588.8,,,433986.3,6477951.6,STAT
15/9-F-15 A,Hugin Fm. VOLVE Base,1,,3897.01,3064.9,-3010,2628.6,,,433920.2,6477983.4,STAT
15/9-F-15 A,Sleipner Fm. Top,1,,3897.01,3064.9,-3010,2628.6,,,433920.2,6477983.4,STAT
15/9-F-15 B,NORDLAND GP. Top,1,NL,146,146,-91.1,,,,435053.5,6478560.4,STAT
15/9-F-15 B,Seabed,1,NL,146,146,-91.1,,,,435053.5,6478560.4,STAT
15/9-F-15 B,Utsira Fm. Top,1,NL,901.27,894.27,-839.37,,,,435058.1,6478481.8,STAT
15/9-F-15 B,HORDALAND GP. Top,1,NL,1088.82,1074.96,-1020.06,,,,435039.2,6478435.4,STAT
15/9-F-15 B,Ty Fm. Top,1,NL,2608.55,2454.61,-2399.71,2303.89,,,434972.4,6477926,STAT
15/9-F-15 B,SHETLAND GP. Top,1,NL,2818.2,2604.25,-2549.35,2402.66,,,434840.3,6477865.2,STAT
15/9-F-15 B,Ekofisk Fm. Top,1,NL,2818.2,2604.25,-2549.35,2402.66,,,434840.3,6477865.2,STAT
15/9-F-15 B,Hod Fm. Top,1,NL,3042.43,2745.65,-2690.75,2467.19,,,434671.8,6477825.7,STAT
15/9-F-15 B,Draupne Fm. Top,1,,3364.4,2925.7,-2870.8,2549.26,,,434406.9,6477840.5,STAT
15/9-F-15 B,Hugin Fm. VOLVE Top,1,,3370.7,2929.8,-2874.9,2551.34,,,434402.2,6477841.4,STAT
15/9-F-15 B,Hugin Fm. VOLVE Base,1,,3378.59,2934.94,-2880.04,2553.94,,,434396.3,6477842.5,STAT
15/9-F-15 B,Sleipner Fm. Top,1,,3378.59,2934.93,-2880.03,2553.94,,,434396.3,6477842.5,STAT
15/9-F-15 C,NORDLAND GP. Top,1,NL,146,146,-91.1,,,,435053.5,6478560.4,STAT
15/9-F-15 C,Seabed,1,NL,146,146,-91.1,,,,435053.5,6478560.4,STAT
15/9-F-15 C,Utsira Fm. Top,1,NL,901.27,894.27,-839.37,,,,435058.1,6478481.8,STAT
15/9-F-15 C,HORDALAND GP. Top,1,NL,1088.82,1074.96,-1020.06,,,,435039.2,6478435.4,STAT
15/9-F-15 C,Ty Fm. Top,1,,2606.03,2454.3,-2399.4,2303.67,,,434975.9,6477928,STAT
15/9-F-15 C,SHETLAND GP. Top,1,,2767.5,2600.51,-2545.61,2400.21,,,434921,6477888.8,STAT
15/9-F-15 C,Ekofisk Fm. Top,1,,2767.5,2600.51,-2545.61,2400.21,,,434921,6477888.8,STAT
15/9-F-15 C,Hod Fm. Top,1,,2911.64,2740.84,-2685.94,2465.03,,,434890.8,6477876.3,STAT
15/9-F-15 C,Draupne Fm. Top,1,,3100.4,2921.69,-2866.79,2547.24,,,434838.8,6477865.6,STAT
15/9-F-15 C,Heather Fm. Top,1,,3115,2935.33,-2880.43,2554.15,,,434833.8,6477864.4,STAT
15/9-F-15 C,Hugin Fm. VOLVE Top,1,,3125.24,2944.85,-2889.95,2558.99,,,434830.1,6477863.6,STAT
15/9-F-15 C,Hugin Fm. VOLVE Base,1,,3161.67,2978.6,-2923.7,2576.73,,,434816.8,6477860.3,STAT
15/9-F-15 C,Sleipner Fm. Top,1,,3161.67,2978.6,-2923.7,2576.73,,,434816.8,6477860.3,STAT
15/9-F-15 D,NORDLAND GP. Top,1,NL,146,146,-91.1,,,,435053.5,6478560.4,STAT
15/9-F-15 D,Seabed,1,NL,146,146,-91.1,,,,435053.5,6478560.4,STAT
15/9-F-15 D,Utsira Fm. Top,1,NL,901.27,894.27,-839.37,,,,435058.1,6478481.8,STAT
15/9-F-15 D,HORDALAND GP. Top,1,NL,1088.82,1074.96,-1020.06,,,,435039.2,6478435.4,STAT
15/9-F-15 D,Ty Fm. Top,1,,2626.7,2472.07,-2417.17,2314.89,,,434928.2,6478810.9,STAT
15/9-F-15 D,SHETLAND GP. Top,1,,2788.1,2599.03,-2544.13,2361.69,,,434997.1,6478881.5,STAT
15/9-F-15 D,Ekofisk Fm. Top,1,,2788.1,2599.03,-2544.13,2361.69,,,434997.1,6478881.5,STAT
15/9-F-15 D,Hod Fm. Top,1,,3078.5,2751.8,-2696.9,2437.46,,,435186.4,6479036.1,STAT
15/9-F-15 D,Draupne Fm. Top,1,,3449,2902.19,-2847.29,2534.13,,,435516.2,6479081.9,STAT
15/9-F-15 D,Heather Fm. Top,1,,3474.7,2910.72,-2855.82,2540.83,,,435540.1,6479078,STAT
15/9-F-15 D,Hugin Fm. VOLVE Top,1,,3483.2,2913.33,-2858.43,2543.04,,,435548,6479076.2,STAT
15/9-F-15 D,Heather Fm. Top,2,NR,4572,3194.91,-3140.01,2736.47,,,436544.2,6478750.9,STAT
15/9-F-15 D,Heather Fm. Top,3,NR,4572,3194.91,-3140.01,2736.47,,,436544.2,6478750.9,STAT
15/9-F-15 D,Heather Fm. Top,4,NR,4685,3212.31,-3157.41,,,,436650.3,6478716.3,STAT
15/9-F-4,Seabed,1,,146,146,-91.1,,,,435049.8,6478560.8,STAT
15/9-F-4,NORDLAND GP. Top,1,,146,146,-91.1,,,,435049.8,6478560.8,STAT
15/9-F-4,Utsira Fm. Top,1,,887,877.99,-823.09,,1,,435049.3,6478476.2,STAT
15/9-F-4,HORDALAND GP. Top,1,,1075,1060.21,-1005.31,,,,435069.7,6478434.9,STAT
15/9-F-4,Ty Fm. Top,1,,2617,2472.34,-2417.44,,1,,435609.7,6478195.3,STAT
15/9-F-4,SHETLAND GP. Top,1,,2742,2582.66,-2527.76,,,,435659.5,6478165.1,STAT
15/9-F-4,Ekofisk Fm. Top,1,,2742,2582.66,-2527.76,,4,,435659.5,6478165.1,STAT
15/9-F-4,Hod Fm. Top,1,,2939,2750.05,-2695.15,2483.67,8,,435710.9,6478076,STAT
15/9-F-4,Draupne Fm. Top,1,,3101,2880.89,-2825.99,2543.25,,,435727.5,6477982.7,STAT
15/9-F-4,Heather Fm. Top,1,,3150,2917.81,-2862.91,2573.59,,,435725.6,6477950.6,STAT
15/9-F-4,Heather Fm. Sand VOLVE Top,1,,3222,2968.1,-2913.2,2606.58,,,435719.3,6477899.6,STAT
15/9-F-4,Hugin Fm. VOLVE Top,1,,3249.31,2985.94,-2931.04,2617.17,5,,435715.9,6477879.2,STAT
15/9-F-4,Hugin Fm. VOLVE Base,1,,3423.53,3088.22,-3033.32,2680.61,,,435679.4,6477743.2,STAT
15/9-F-4,Sleipner Fm. Top,1,,3423.53,3088.22,-3033.32,2680.61,,,435679.4,6477743.2,STAT
15/9-F-4,Skagerrak Fm. Top,1,,3486.29,3124.35,-3069.45,,,,435661.5,6477695.1,STAT
15/9-F-5,Seabed,1,,146,146,-91.1,,,,435051,6478558.9,STAT
15/9-F-5,NORDLAND GP. Top,1,,146,146,-91.1,,,,435051,6478558.9,STAT
15/9-F-5,Utsira Fm. Top,1,,898.63,878.31,-823.41,,,,435127.2,6478455.7,STAT
15/9-F-5,HORDALAND GP. Top,1,,1097.82,1064.68,-1009.78,,,,435187.1,6478421.2,STAT
15/9-F-5,Ty Fm. Top,1,,2787.34,2493.99,-2439.09,,,,436042.1,6478214.9,STAT
15/9-F-5,SHETLAND GP. Top,1,,2899.01,2589.83,-2534.93,,,,436098.2,6478226.3,STAT
15/9-F-5,Ekofisk Fm. Top,1,,2899.01,2589.83,-2534.93,,,,436098.2,6478226.3,STAT
15/9-F-5,Hod Fm. Top,1,,3083.56,2740.53,-2685.63,2474.79,,,436191.4,6478274.2,STAT
15/9-F-5,Draupne Fm. Top,1,,3306.2,2925.74,-2870.84,2560.68,,,436253.7,6478378.1,STAT
15/9-F-5,Heather Fm. Top,1,,3400.05,3002.85,-2947.95,2628.94,,,436277.4,6478425.6,STAT
15/9-F-5,Heather Fm. Sand VOLVE Top,1,,3429,3024.16,-2969.26,2643.98,,,436287.5,6478442.4,STAT
15/9-F-5,Hugin Fm. VOLVE Top,1,,3473.11,3055.1,-3000.2,2663.85,20,45,436303.2,6478469.6,STAT
15/9-F-5,Hugin Fm. VOLVE Base,1,,3712.93,3198.93,-3144.03,2747.38,,,436380.1,6478645,STAT
15/9-F-5,Sleipner Fm. Top,1,,3712.93,3198.93,-3144.03,2747.38,,,436380.1,6478645,STAT
15/9-F-7,Seabed,1,,146,146,-91.1,33.18,,,435048.9,6478565.5,STAT
15/9-F-7,NORDLAND GP. Top,1,,146,146,-91.1,33.18,,,435048.9,6478565.5,STAT
15/9-F-7,Utsira Fm. Top,1,,886,882.65,-827.75,713.28,,,434999.2,6478558.2,STAT
15/9-F-7,HORDALAND GP. Top,1,,1069.5,1064.13,-1009.23,925.89,,,434972.3,6478554.8,STAT
15/9-F-9,Seabed,1,,146,146,-91.1,120.38,,,435051.1,6478561.6,STAT
15/9-F-9,NORDLAND GP. Top,1,,146,146,-91.1,120.38,,,435051.1,6478561.6,STAT
15/9-F-9,Utsira Fm. Top,1,NL,885,880.71,-825.81,883.79,,,435101.8,6478568.9,STAT
15/9-F-9,HORDALAND GP. Top,1,,1071.2,1064.22,-1009.32,1074.48,,,435132.1,6478577.1,STAT
